State_Name,State Code,District_Name,District_Code,Block_Name,Block_Code,GP Name,GP Code,Latitude,Longitude,Location_OF_GP,Phase,population
TAMILNADU,33,TIRUVANNAMALAI,608,VANDAVASI,6418,kilseeshamangalam,604403,12.47261,79.740602,GP Office,2,5322
TAMILNADU,33,TIRUVANNAMALAI,608,VEMBAKKAM,6419,pillanthangal,231729,12.693996,79.740368,GP Office,2,2662
TAMILNADU,33,TIRUVANNAMALAI,608,VANDAVASI,6418,ulundai,604403,12.5144,79.738929,GP Office,2,3633
TAMILNADU,33,TIRUVANNAMALAI,608,VEMBAKKAM,6419,pavoor,231719,12.739315,79.734027,GP Office,2,4338
TAMILNADU,33,TIRUVANNAMALAI,608,VEMBAKKAM,6419,poonaithangal,231670,12.704028,79.73159,GP Office,2,2662
TAMILNADU,33,TIRUVANNAMALAI,608,VANDAVASI,6418,salavedu,604403,12.481763,79.730541,GP Office,2,7534
TAMILNADU,33,TIRUVANNAMALAI,608,VANDAVASI,6418,kurippedu,604403,12.460515,79.72946,GP Office,2,9384
TAMILNADU,33,TIRUVANNAMALAI,608,VANDAVASI,6418,kovalai,604403,12.530498,79.727978,GP Office,2,512
TAMILNADU,33,TIRUVANNAMALAI,608,VEMBAKKAM,6419,panamugai,231688,12.745274,79.727877,GP Office,2,8211
TAMILNADU,33,TIRUVANNAMALAI,608,VEMBAKKAM,6419,perunmanthangal,231710,12.69551,79.718526,GP Office,2,2662
TAMILNADU,33,TIRUVANNAMALAI,608,VEMBAKKAM,6419,pudupalayam,231707,12.692239,79.714384,GP Office,2,6351
TAMILNADU,33,TIRUVANNAMALAI,608,VEMBAKKAM,6419,pallavaram,231706,12.746346,79.714378,GP Office,2,2662
TAMILNADU,33,TIRUVANNAMALAI,608,VANDAVASI,6418,velliambakkam,604403,12.458654,79.713007,GP Office,2,5475
TAMILNADU,33,TIRUVANNAMALAI,608,VEMBAKKAM,6419,perungattur,231679,12.723265,79.709737,GP Office,2,3536
TAMILNADU,33,TIRUVANNAMALAI,608,VEMBAKKAM,6419,nemili,231693,12.747709,79.708784,GP Office,2,1157
TAMILNADU,33,TIRUVANNAMALAI,608,VANDAVASI,6418,mangalam-mamandur,604403,12.476252,79.707563,GP Office,2,919
TAMILNADU,33,TIRUVANNAMALAI,608,VANDAVASI,6418,kilnarma,604405,12.540781,79.706531,GP Office,2,3605
TAMILNADU,33,TIRUVANNAMALAI,608,VEMBAKKAM,6419,sirunallur,231702,12.700956,79.70613,GP Office,2,1365
TAMILNADU,33,TIRUVANNAMALAI,608,VANDAVASI,6418,irumbedu,604403,12.561002,79.70502,GP Office,2,5898
TAMILNADU,33,TIRUVANNAMALAI,608,VANDAVASI,6418,kilkodungalore,604403,12.507113,79.703185,GP Office,2,5898
TAMIL NADU,33,TIRUVANNAMALAI,608,ANAKKAVUR,6403,venkodu,230964,12.581835,79.702771,GP Office,2,3161
TAMILNADU,33,TIRUVANNAMALAI,608,VANDAVASI,6418,ammanambakkam,604403,12.451451,79.701599,GP Office,2,3605
TAMILNADU,33,TIRUVANNAMALAI,608,VEMBAKKAM,6419,narasamangalam,231700,12.771097,79.701567,GP Office,2,311
TAMILNADU,33,TIRUVANNAMALAI,608,VANDAVASI,6418,kilpakkam,604403,12.528129,79.701255,GP Office,2,11734
TAMILNADU,33,TIRUVANNAMALAI,608,VEMBAKKAM,6419,pulivalam,231713,12.687387,79.700039,GP Office,2,2315
TAMILNADU,33,TIRUVANNAMALAI,608,VEMBAKKAM,6419,natteri,231685,12.753484,79.700009,GP Office,2,8693
TAMILNADU,33,TIRUVANNAMALAI,608,VANDAVASI,6418,kottai,604403,12.473317,79.696307,GP Office,2,2714
TAMILNADU,33,TIRUVANNAMALAI,608,VEMBAKKAM,6419,sozhavaram,231726,12.752732,79.696117,GP Office,2,512
TAMILNADU,33,TIRUVANNAMALAI,608,VANDAVASI,6418,badhur,604405,12.4476,79.695376,GP Office,2,1328
TAMILNADU,33,TIRUVANNAMALAI,608,VEMBAKKAM,6419,pullavakkam,231699,12.689732,79.695177,GP Office,2,2662
TAMILNADU,33,TIRUVANNAMALAI,608,VEMBAKKAM,6419,siruvanjipattu,231716,12.728134,79.690286,GP Office,2,9384
TAMILNADU,33,TIRUVANNAMALAI,608,VANDAVASI,6418,andiyanur-adiyankuppam,604405,12.461029,79.689047,GP Office,2,3605
TAMILNADU,33,TIRUVANNAMALAI,608,VANDAVASI,6418,melkodungalore,604403,12.50493,79.68771,GP Office,2,8871
TAMILNADU,33,TIRUVANNAMALAI,608,VANDAVASI,6418,villangadu,604408,12.547661,79.686109,GP Office,2,11734
TAMIL NADU,33,TIRUVANNAMALAI,608,ANAKKAVUR,6403,alathurai,230912,12.566395,79.682806,GP Office,2,12448
TAMILNADU,33,TIRUVANNAMALAI,608,VANDAVASI,6418,koilkuppam-sathanur,604405,12.528981,79.682666,GP Office,2,238
TAMILNADU,33,TIRUVANNAMALAI,608,VEMBAKKAM,6419,dusi,231678,12.775029,79.680767,GP Office,2,3605
TAMIL NADU,33,TIRUVANNAMALAI,608,ANAKKAVUR,6403,alathur,230911,12.585215,79.680657,GP Office,2,2318
TAMILNADU,33,TIRUVANNAMALAI,608,VANDAVASI,6418,kilsembedu,604405,12.400822,79.680504,GP Office,2,3248
TAMIL NADU,33,TIRUVANNAMALAI,608,ANAKKAVUR,6403,ukkal,230958,12.678394,79.680324,GP Office,2,5385
TAMILNADU,33,TIRUVANNAMALAI,608,VANDAVASI,6418,venmandai,604405,12.415705,79.679845,GP Office,2,7618
TAMILNADU,33,TIRUVANNAMALAI,608,VEMBAKKAM,6419,sattuvanthangal,231692,12.71509,79.67892,GP Office,2,3929
TAMILNADU,33,TIRUVANNAMALAI,608,VEMBAKKAM,6419,elacheri,231691,12.753959,79.675777,GP Office,2,1374
TAMILNADU,33,TIRUVANNAMALAI,608,VANDAVASI,6418,kallanguthu,604605,12.492027,79.673149,GP Office,2,4616
TAMILNADU,33,TIRUVANNAMALAI,608,VANDAVASI,6418,kavaniyathur,604405,12.426737,79.672547,GP Office,2,1446
TAMILNADU,33,TIRUVANNAMALAI,608,VANDAVASI,6418,amudur,604405,12.394957,79.671796,GP Office,2,919
TAMILNADU,33,TIRUVANNAMALAI,608,VEMBAKKAM,6419,chithathur,231669,12.786057,79.6717,GP Office,2,9384
TAMIL NADU,33,TIRUVANNAMALAI,608,ANAKKAVUR,6403,payyur,230945,12.561121,79.669804,GP Office,2,1446
TAMILNADU,33,TIRUVANNAMALAI,608,VEMBAKKAM,6419,sodiyambakkam,231697,12.740804,79.669638,GP Office,2,5385
TAMILNADU,33,TIRUVANNAMALAI,608,VANDAVASI,6418,ariyathur,604405,12.537127,79.668957,GP Office,2,3465
TAMILNADU,33,TIRUVANNAMALAI,608,VEMBAKKAM,6419,punnai,231724,12.70012,79.668455,GP Office,2,3633
TAMILNADU,33,TIRUVANNAMALAI,608,VANDAVASI,6418,vazhur-agaram,604408,12.518554,79.667642,GP Office,2,1328
TAMILNADU,33,TIRUVANNAMALAI,608,VEMBAKKAM,6419,rantham,231690,12.71194,79.666884,GP Office,2,5942
TAMILNADU,33,TIRUVANNAMALAI,608,VANDAVASI,6418,marudadu,604408,12.491857,79.664757,GP Office,2,8871
TAMILNADU,33,TIRUVANNAMALAI,608,VANDAVASI,6418,punnai,604408,12.45903,79.663669,GP Office,2,3633
TAMIL NADU,33,TIRUVANNAMALAI,608,ANAKKAVUR,6403,koolamandal,230928,12.681718,79.66333,GP Office,2,3605
TAMILNADU,33,TIRUVANNAMALAI,608,VANDAVASI,6418,osur,604405,12.438621,79.662184,GP Office,2,4095
TAMIL NADU,33,TIRUVANNAMALAI,608,ANAKKAVUR,6403,vachanur,230959,12.591768,79.661031,GP Office,2,1391
TAMIL NADU,33,TIRUVANNAMALAI,608,ANAKKAVUR,6403,thenkalpakkam,230953,12.549487,79.660411,GP Office,2,3365
TAMILNADU,33,TIRUVANNAMALAI,608,VEMBAKKAM,6419,sirunavalpattu,231673,12.730457,79.658022,GP Office,2,4853
TAMILNADU,33,TIRUVANNAMALAI,608,THELLAR,6415,padur,231464,12.391664,79.654153,GP Office,2,9384
TAMIL NADU,33,TIRUVANNAMALAI,608,ANAKKAVUR,6403,mahajanambakkam,230935,12.695246,79.653939,GP Office,2,311
TAMILNADU,33,TIRUVANNAMALAI,608,VANDAVASI,6418,vizudupattu,604408,12.531157,79.653536,GP Office,2,6545
TAMILNADU,33,TIRUVANNAMALAI,608,VANDAVASI,6418,mudur,604405,12.410292,79.652599,GP Office,2,1430
TAMILNADU,33,TIRUVANNAMALAI,608,THELLAR,6415,mavalavadi,231457,12.370538,79.652514,GP Office,2,4727
TAMILNADU,33,TIRUVANNAMALAI,608,VANDAVASI,6418,kadaisikulam,604408,12.494154,79.649653,GP Office,2,3605
TAMIL NADU,33,TIRUVANNAMALAI,608,ANAKKAVUR,6403,soundaryapuram,230949,12.565724,79.646147,GP Office,2,4713
TAMIL NADU,33,TIRUVANNAMALAI,608,ANAKKAVUR,6403,akkur,230910,12.682186,79.6456,GP Office,2,989
TAMILNADU,33,TIRUVANNAMALAI,608,VANDAVASI,6418,neelliyagulam,604408,12.430334,79.644592,GP Office,2,3536
TAMILNADU,33,TIRUVANNAMALAI,608,THELLAR,6415,mazhavankarani,231458,12.453961,79.641885,GP Office,2,4352
TAMIL NADU,33,TIRUVANNAMALAI,608,ANAKKAVUR,6403,kunnaavakkam,230932,12.707267,79.64186,GP Office,2,3605
TAMILNADU,33,TIRUVANNAMALAI,608,VANDAVASI,6418,thaluthalai,604408,12.527496,79.641639,GP Office,2,2577
TAMILNADU,33,TIRUVANNAMALAI,608,VANDAVASI,6418,manganallur,604408,12.512595,79.641338,GP Office,2,919
TAMIL NADU,33,TIRUVANNAMALAI,608,ANAKKAVUR,6403,thenelapakkam,230951,12.559075,79.640522,GP Office,2,3365
TAMILNADU,33,TIRUVANNAMALAI,608,VEMBAKKAM,6419,sumangali,231680,12.760039,79.640008,GP Office,2,12448
TAMILNADU,33,TIRUVANNAMALAI,608,VANDAVASI,6418,ozhapakkam-kosapattu,604408,12.544601,79.639345,GP Office,2,2193
TAMILNADU,33,TIRUVANNAMALAI,608,THELLAR,6415,kondaiyankuppam,231449,12.385816,79.63826,GP Office,2,6892
TAMIL NADU,33,TIRUVANNAMALAI,608,ANAKKAVUR,6403,melma,230937,12.59091,79.638068,GP Office,2,1430
TAMILNADU,33,TIRUVANNAMALAI,608,VANDAVASI,6418,eramallur,604408,12.406714,79.637216,GP Office,2,1157
TAMILNADU,33,TIRUVANNAMALAI,608,VANDAVASI,6418,kaaram,604408,12.550624,79.63593,GP Office,2,3605
TAMILNADU,33,TIRUVANNAMALAI,608,VANDAVASI,6418,kodanallur,606405,12.475814,79.63562,GP Office,2,8871
TAMILNADU,33,TIRUVANNAMALAI,608,VEMBAKKAM,6419,cheyyanur,231696,12.763917,79.635377,GP Office,2,8740
TAMIL NADU,33,TIRUVANNAMALAI,608,ANAKKAVUR,6403,thethurai,230956,12.612746,79.634781,GP Office,2,4991
TAMIL NADU,33,TIRUVANNAMALAI,608,ANAKKAVUR,6403,kilneerkundram,230926,12.65479,79.634299,GP Office,2,5898
TAMILNADU,33,TIRUVANNAMALAI,608,THELLAR,6415,srirangarajapuram,231480,12.422666,79.633072,GP Office,2,4713
TAMILNADU,33,TIRUVANNAMALAI,608,THELLAR,6415,arungunam,231433,12.371792,79.632956,GP Office,2,874
TAMILNADU,33,TIRUVANNAMALAI,608,VANDAVASI,6418,birudur,604408,12.502604,79.632084,GP Office,2,9384
TAMILNADU,33,TIRUVANNAMALAI,608,VANDAVASI,6418,sethurakuppam,606405,12.480108,79.629675,GP Office,2,2315
TAMILNADU,33,TIRUVANNAMALAI,608,VEMBAKKAM,6419,mathur,231717,12.729728,79.629026,GP Office,2,1741
TAMILNADU,33,TIRUVANNAMALAI,608,THELLAR,6415,sathiyavadi,231474,12.357963,79.628598,GP Office,2,2577
TAMILNADU,33,TIRUVANNAMALAI,608,VANDAVASI,6418,salukkai,604408,12.537346,79.625613,GP Office,2,4104
TAMILNADU,33,TIRUVANNAMALAI,608,VEMBAKKAM,6419,brammadesam,231730,12.797661,79.625246,GP Office,2,9515
TAMIL NADU,33,TIRUVANNAMALAI,608,ANAKKAVUR,6403,karanai,230923,12.694528,79.62409,GP Office,2,1638
TAMIL NADU,33,TIRUVANNAMALAI,608,ANAKKAVUR,6403,nedungal,230942,12.62604,79.6239,GP Office,2,5026
TAMIL NADU,33,TIRUVANNAMALAI,608,ANAKKAVUR,6403,kilnethapakkam,230927,12.668612,79.623824,GP Office,2,823
TAMIL NADU,33,TIRUVANNAMALAI,608,ANAKKAVUR,6403,veerambakkam,230962,12.584831,79.623087,GP Office,2,1272
TAMIL NADU,33,TIRUVANNAMALAI,608,ANAKKAVUR,6403,kurumbur,230933,12.595252,79.623031,GP Office,2,2329
TAMILNADU,33,TIRUVANNAMALAI,608,THELLAR,6415,kilvellivalam,231446,12.44068,79.621883,GP Office,2,823
TAMILNADU,33,TIRUVANNAMALAI,608,THELLAR,6415,nallur,231462,12.409113,79.621168,GP Office,2,1157
TAMIL NADU,33,TIRUVANNAMALAI,608,ANAKKAVUR,6403,ilaneerkundram,230921,12.647129,79.62019,GP Office,2,3605
TAMILNADU,33,TIRUVANNAMALAI,608,VANDAVASI,6418,sennavaram,604408,12.499137,79.618422,GP Office,2,4713
TAMILNADU,33,TIRUVANNAMALAI,608,VEMBAKKAM,6419,menallur,231677,12.745398,79.615791,GP Office,2,1157
TAMILNADU,33,TIRUVANNAMALAI,608,VANDAVASI,6418,padhiri,604408,12.517523,79.614896,GP Office,2,5371
TAMILNADU,33,TIRUVANNAMALAI,608,VANDAVASI,6418,thennangur,604408,12.554407,79.612087,GP Office,2,1157
TAMILNADU,33,TIRUVANNAMALAI,608,VEMBAKKAM,6419,abdullapuram,231723,12.800246,79.612031,GP Office,2,1401
TAMIL NADU,33,TIRUVANNAMALAI,608,ANAKKAVUR,6403,athi,230916,12.653819,79.610901,GP Office,2,2732
TAMIL NADU,33,TIRUVANNAMALAI,608,ANAKKAVUR,6403,madipakkam,230934,12.679909,79.610715,GP Office,2,3605
TAMILNADU,33,TIRUVANNAMALAI,608,VEMBAKKAM,6419,arasanipalai,231671,12.818653,79.610118,GP Office,2,12448
TAMIL NADU,33,TIRUVANNAMALAI,608,ANAKKAVUR,6403,narmapallam,230941,12.601614,79.608804,GP Office,2,4384
TAMILNADU,33,TIRUVANNAMALAI,608,THELLAR,6415,periyakuppam,231468,12.383463,79.608577,GP Office,2,3536
TAMILNADU,33,TIRUVANNAMALAI,608,VEMBAKKAM,6419,namandi,231705,12.779869,79.604655,GP Office,2,3605
TAMILNADU,33,TIRUVANNAMALAI,608,VEMBAKKAM,6419,moonjurpattu,231686,12.753372,79.604286,GP Office,2,4727
TAMIL NADU,33,TIRUVANNAMALAI,608,ANAKKAVUR,6403,theniluppai,230952,12.583373,79.603153,GP Office,2,1157
TAMILNADU,33,TIRUVANNAMALAI,608,THELLAR,6415,sogathur,231478,12.443714,79.602292,GP Office,2,1741
TAMILNADU,33,TIRUVANNAMALAI,608,VANDAVASI,6418,pulivoy,604408,12.54231,79.601655,GP Office,2,2315
TAMILNADU,33,TIRUVANNAMALAI,608,VANDAVASI,6418,vengundram,604408,12.52324,79.601623,GP Office,2,3536
TAMILNADU,33,TIRUVANNAMALAI,608,VANDAVASI,6418,sembur,604408,12.482738,79.601089,GP Office,2,919
TAMILNADU,33,TIRUVANNAMALAI,608,THELLAR,6415,madam,231454,12.384265,79.601031,GP Office,2,919
TAMILNADU,33,TIRUVANNAMALAI,608,VANDAVASI,6418,athipakkam,604408,12.470671,79.600287,GP Office,2,5385
TAMILNADU,33,TIRUVANNAMALAI,608,THELLAR,6415,ramasamudram,231471,12.422193,79.599936,GP Office,2,919
TAMIL NADU,33,TIRUVANNAMALAI,608,ANAKKAVUR,6403,vadalapiranthan,230960,12.632579,79.597319,GP Office,2,2662
TAMIL NADU,33,TIRUVANNAMALAI,608,CHEYYAR,6407,palli,231123,12.701369,79.596037,GP Office,2,15660
TAMIL NADU,33,TIRUVANNAMALAI,608,CHEYYAR,6407,vadugapattu,231144,12.681551,79.595314,GP Office,2,1210
TAMILNADU,33,TIRUVANNAMALAI,608,VEMBAKKAM,6419,vembakkam,231731,12.785563,79.594269,GP Office,2,7331
TAMILNADU,33,TIRUVANNAMALAI,608,VANDAVASI,6418,ammayapattu,604408,12.514091,79.593595,GP Office,2,4256
TAMIL NADU,33,TIRUVANNAMALAI,608,CHEYYAR,6407,siruveliyanallur,231133,12.674034,79.593252,GP Office,2,10066
TAMILNADU,33,TIRUVANNAMALAI,608,THELLAR,6415,theyyar,231487,12.39299,79.593232,GP Office,2,5385
TAMILNADU,33,TIRUVANNAMALAI,608,VANDAVASI,6418,s. navalpakkam,604408,12.451717,79.592657,GP Office,2,2561
TAMILNADU,33,TIRUVANNAMALAI,608,VEMBAKKAM,6419,arasankuppam,231725,12.820701,79.59255,GP Office,2,5942
TAMILNADU,33,TIRUVANNAMALAI,608,THELLAR,6415,s. katteri,231472,12.356862,79.591498,GP Office,2,3301
TAMILNADU,33,TIRUVANNAMALAI,608,VANDAVASI,6418,mummuni,604408,12.516373,79.590352,GP Office,2,3757
TAMIL NADU,33,TIRUVANNAMALAI,608,CHEYYAR,6407,vadapoondipattu,231142,12.727686,79.589867,GP Office,2,20318
TAMIL NADU,33,TIRUVANNAMALAI,608,CHEYYAR,6407,veliyanallur,231146,12.661459,79.589225,GP Office,2,890
TAMILNADU,33,TIRUVANNAMALAI,608,VEMBAKKAM,6419,hasanamapet,231684,12.760132,79.588885,GP Office,2,8211
TAMILNADU,33,TIRUVANNAMALAI,608,THELLAR,6415,pazhaveri,231465,12.358552,79.588181,GP Office,2,662
TAMILNADU,33,TIRUVANNAMALAI,608,VEMBAKKAM,6419,hariyarapakkam,231722,12.764742,79.587022,GP Office,2,2316
TAMILNADU,33,TIRUVANNAMALAI,608,VEMBAKKAM,6419,ariyur,231732,12.824925,79.58668,GP Office,2,3950
TAMIL NADU,33,TIRUVANNAMALAI,608,ANAKKAVUR,6403,purisai,230947,12.579428,79.585229,GP Office,2,5012
TAMILNADU,33,TIRUVANNAMALAI,608,VEMBAKKAM,6419,moranam,231683,12.734733,79.584926,GP Office,2,311
TAMIL NADU,33,TIRUVANNAMALAI,608,ANAKKAVUR,6403,anapathur,230914,12.632308,79.583105,GP Office,2,2662
TAMILNADU,33,TIRUVANNAMALAI,608,THELLAR,6415,embalam,231436,12.431692,79.583048,GP Office,2,7331
TAMIL NADU,33,TIRUVANNAMALAI,608,ANAKKAVUR,6403,kilkolathur,230925,12.613329,79.581775,GP Office,2,2732
TAMIL NADU,33,TIRUVANNAMALAI,608,ANAKKAVUR,6403,echur,230919,12.558383,79.580959,GP Office,2,8871
TAMIL NADU,33,TIRUVANNAMALAI,608,CHEYYAR,6407,mariyanallur,231112,12.723871,79.580194,GP Office,2,12448
TAMIL NADU,33,TIRUVANNAMALAI,608,ANAKKAVUR,6403,erumaivetti,230920,12.61101,79.579681,GP Office,2,5630
TAMILNADU,33,TIRUVANNAMALAI,608,THELLAR,6415,eripattu,231437,12.46179,79.579341,GP Office,2,4420
TAMILNADU,33,TIRUVANNAMALAI,608,VANDAVASI,6418,kilsathamangalam,604408,12.490449,79.579305,GP Office,2,5322
TAMIL NADU,33,TIRUVANNAMALAI,608,CHEYYAR,6407,thumbai,231140,12.700613,79.579212,GP Office,2,2732
TAMILNADU,33,TIRUVANNAMALAI,608,VANDAVASI,6418,thellur,604408,12.532294,79.577374,GP Office,2,1157
TAMIL NADU,33,TIRUVANNAMALAI,608,CHEYYAR,6407,perungalathur,231127,12.684,79.576182,GP Office,2,12448
TAMIL NADU,33,TIRUVANNAMALAI,608,CHEYYAR,6407,kazhiyur,231104,12.652719,79.575076,GP Office,2,1741
TAMILNADU,33,TIRUVANNAMALAI,608,THELLAR,6415,meesanallur,231459,12.412521,79.574523,GP Office,2,8871
TAMIL NADU,33,TIRUVANNAMALAI,608,ANAKKAVUR,6403,kulamandai,230931,12.603502,79.574258,GP Office,2,3605
TAMILNADU,33,TIRUVANNAMALAI,608,VEMBAKKAM,6419,azhinjalpattu,231676,12.833576,79.571311,GP Office,2,7080
TAMILNADU,33,TIRUVANNAMALAI,608,THELLAR,6415,kodiyalam,231448,12.386416,79.569889,GP Office,2,5385
TAMILNADU,33,TIRUVANNAMALAI,608,VANDAVASI,6418,mambattu,604408,12.507311,79.566872,GP Office,2,3757
TAMILNADU,33,TIRUVANNAMALAI,608,THELLAR,6415,sivanam,231477,12.434925,79.566096,GP Office,2,3638
TAMILNADU,33,TIRUVANNAMALAI,608,VEMBAKKAM,6419,irumaram,231718,12.752933,79.56608,GP Office,2,2329
TAMILNADU,33,TIRUVANNAMALAI,608,THELLAR,6415,nadukuppam,231461,12.44154,79.565272,GP Office,2,3365
TAMILNADU,33,TIRUVANNAMALAI,608,VANDAVASI,6418,karanai,604408,12.525964,79.564979,GP Office,2,1638
TAMILNADU,33,TIRUVANNAMALAI,608,VANDAVASI,6418,elangadu,604408,12.464381,79.564643,GP Office,2,3248
TAMIL NADU,33,TIRUVANNAMALAI,608,ANAKKAVUR,6403,arasur,230915,12.601334,79.560305,GP Office,2,3549
TAMIL NADU,33,TIRUVANNAMALAI,608,CHEYYAR,6407,nedumbirai,231120,12.706795,79.559701,GP Office,2,4853
TAMILNADU,33,TIRUVANNAMALAI,608,VEMBAKKAM,6419,azhividaithangi,231727,12.842328,79.559286,GP Office,2,4853
TAMIL NADU,33,TIRUVANNAMALAI,608,CHEYYAR,6407,kunnathur,231109,12.736657,79.558141,GP Office,2,5202
TAMIL NADU,33,TIRUVANNAMALAI,608,CHEYYAR,6407,puliyarampakkam,231130,12.66612,79.557672,GP Office,2,2662
TAMILNADU,33,TIRUVANNAMALAI,608,VANDAVASI,6418,thensenthamangalam,604408,12.527041,79.557657,GP Office,2,3670
TAMIL NADU,33,TIRUVANNAMALAI,608,CHEYYAR,6407,vinnavadi,231148,12.691769,79.557413,GP Office,2,1162
TAMIL NADU,33,TIRUVANNAMALAI,608,ANAKKAVUR,6403,thenthandalam,230955,12.61455,79.556451,GP Office,2,3365
TAMILNADU,33,TIRUVANNAMALAI,608,THELLAR,6415,goodalore,231439,12.381377,79.555755,GP Office,2,1071
TAMIL NADU,33,TIRUVANNAMALAI,608,ANAKKAVUR,6403,thirumpoondi,230957,12.577585,79.555594,GP Office,2,2999
TAMILNADU,33,TIRUVANNAMALAI,608,VANDAVASI,6418,chetpet,604408,12.539629,79.554541,GP Office,2,4350
TAMILNADU,33,TIRUVANNAMALAI,608,THELLAR,6415,thenvanakkampadi,231486,12.42578,79.554418,GP Office,2,7679
TAMIL NADU,33,TIRUVANNAMALAI,608,ANAKKAVUR,6403,palanjur,230944,12.566045,79.553023,GP Office,2,1446
TAMILNADU,33,TIRUVANNAMALAI,608,THELLAR,6415,thellar,231482,12.40509,79.551291,GP Office,2,1157
TAMIL NADU,33,TIRUVANNAMALAI,608,ANAKKAVUR,6403,perumbalai,230946,12.611094,79.551037,GP Office,2,3757
TAMILNADU,33,TIRUVANNAMALAI,608,VEMBAKKAM,6419,kaganam,231674,12.792596,79.54821,GP Office,2,3605
TAMILNADU,33,TIRUVANNAMALAI,608,VANDAVASI,6418,vengaram-avanavadi,604408,12.491928,79.547013,GP Office,2,1162
TAMILNADU,33,TIRUVANNAMALAI,608,VEMBAKKAM,6419,karanthai,231689,12.80997,79.54671,GP Office,2,12448
TAMILNADU,33,TIRUVANNAMALAI,608,VANDAVASI,6418,kilkovalaivedu,604408,12.555062,79.545658,GP Office,2,11734
TAMIL NADU,33,TIRUVANNAMALAI,608,ANAKKAVUR,6403,chithamoor,230918,12.595587,79.545374,GP Office,2,14466
TAMILNADU,33,TIRUVANNAMALAI,608,VANDAVASI,6418,arasur,604408,12.515119,79.544268,GP Office,2,3549
TAMIL NADU,33,TIRUVANNAMALAI,608,ANAKKAVUR,6403,anakkavoor,230913,12.637302,79.543653,GP Office,2,989
TAMILNADU,33,TIRUVANNAMALAI,608,THELLAR,6415,ponnur,231470,12.47079,79.543066,GP Office,2,989
TAMIL NADU,33,TIRUVANNAMALAI,608,CHEYYAR,6407,kilpudupakkam,231106,12.680125,79.542864,GP Office,2,6351
TAMILNADU,33,TIRUVANNAMALAI,608,THELLAR,6415,japthikarani,231441,12.440233,79.542805,GP Office,2,5371
TAMILNADU,33,TIRUVANNAMALAI,608,VEMBAKKAM,6419,suruttal,231687,12.763461,79.54258,GP Office,2,3961
TAMIL NADU,33,TIRUVANNAMALAI,608,CHEYYAR,6407,thenpoondipattu,231137,12.732062,79.539502,GP Office,2,3365
TAMILNADU,33,TIRUVANNAMALAI,608,THELLAR,6415,soraputhur,231479,12.449933,79.539426,GP Office,2,11173
TAMILNADU,33,TIRUVANNAMALAI,608,THELLAR,6415,agarakorakottai,231432,12.408595,79.536584,GP Office,2,4727
TAMILNADU,33,TIRUVANNAMALAI,608,VEMBAKKAM,6419,vayalathur,231714,12.855162,79.536078,GP Office,2,12448
TAMIL NADU,33,TIRUVANNAMALAI,608,CHEYYAR,6407,duli,231099,12.701558,79.53489,GP Office,2,3605
TAMILNADU,33,TIRUVANNAMALAI,608,VEMBAKKAM,6419,kuthanur,231703,12.749999,79.533457,GP Office,2,5282
TAMILNADU,33,TIRUVANNAMALAI,608,VEMBAKKAM,6419,thenkazhani,231720,12.747714,79.53247,GP Office,2,1784
TAMIL NADU,33,TIRUVANNAMALAI,608,ANAKKAVUR,6403,nallalam,230940,12.580757,79.531107,GP Office,2,4709
TAMIL NADU,33,TIRUVANNAMALAI,608,PERNAMALLUR,6411,erumbur,231261,12.538356,79.530598,GP Office,2,5282
TAMIL NADU,33,TIRUVANNAMALAI,608,ANAKKAVUR,6403,thenmavandal,230954,12.600309,79.529433,GP Office,2,4384
TAMIL NADU,33,TIRUVANNAMALAI,608,ANAKKAVUR,6403,mulagiripattu,230939,12.589997,79.525093,GP Office,2,3633
TAMILNADU,33,TIRUVANNAMALAI,608,VEMBAKKAM,6419,thennampattu,231681,12.748807,79.524783,GP Office,2,1157
TAMILNADU,33,TIRUVANNAMALAI,608,THELLAR,6415,gunambadi,231440,12.413252,79.523951,GP Office,2,3633
TAMIL NADU,33,TIRUVANNAMALAI,608,CHEYYAR,6407,vadathandalam,231143,12.672686,79.523905,GP Office,2,1328
TAMILNADU,33,TIRUVANNAMALAI,608,VEMBAKKAM,6419,mamandur,231704,12.777871,79.523769,GP Office,2,1535
TAMILNADU,33,TIRUVANNAMALAI,608,THELLAR,6415,senal,231476,12.377757,79.523347,GP Office,2,1948
TAMIL NADU,33,TIRUVANNAMALAI,608,CHEYYAR,6407,ramakrishnapuram,231131,12.737156,79.52315,GP Office,2,5547
TAMIL NADU,33,TIRUVANNAMALAI,608,CHEYYAR,6407,painkinar,231121,12.684426,79.522111,GP Office,2,1187
TAMIL NADU,33,TIRUVANNAMALAI,608,CHEYYAR,6407,aradrivelur,231096,12.73793,79.520934,GP Office,2,4709
TAMIL NADU,33,TIRUVANNAMALAI,608,ANAKKAVUR,6403,vellai,230963,12.64617,79.520862,GP Office,2,5475
TAMIL NADU,33,TIRUVANNAMALAI,608,CHEYYAR,6407,pappanthangal,231124,12.710816,79.520832,GP Office,2,6892
TAMIL NADU,33,TIRUVANNAMALAI,608,ANAKKAVUR,6403,kovilur,230930,12.58602,79.520551,GP Office,2,4099
TAMILNADU,33,TIRUVANNAMALAI,608,THELLAR,6415,thakkandarayapuram,231481,12.524907,79.518266,GP Office,2,4713
TAMILNADU,33,TIRUVANNAMALAI,608,VEMBAKKAM,6419,keelnayakanpalayam,231675,12.841666,79.518189,GP Office,2,4384
TAMILNADU,33,TIRUVANNAMALAI,608,THELLAR,6415,kilputhur,231445,12.446779,79.516648,GP Office,2,11173
TAMIL NADU,33,TIRUVANNAMALAI,608,PERNAMALLUR,6411,ayalavadi,231258,12.549838,79.516122,GP Office,2,13192
TAMILNADU,33,TIRUVANNAMALAI,608,THELLAR,6415,korakottai,231450,12.399776,79.513879,GP Office,2,10568
TAMILNADU,33,TIRUVANNAMALAI,608,THELLAR,6415,kuthampattu,231453,12.482611,79.512642,GP Office,2,512
TAMILNADU,33,TIRUVANNAMALAI,608,THELLAR,6415,pennattagaram,231467,12.363212,79.510833,GP Office,2,2662
TAMIL NADU,33,TIRUVANNAMALAI,608,ANAKKAVUR,6403,thavasi,230950,12.631376,79.510512,GP Office,2,2017
TAMILNADU,33,TIRUVANNAMALAI,608,THELLAR,6415,melpathi,231460,12.517238,79.509949,GP Office,2,3757
TAMIL NADU,33,TIRUVANNAMALAI,608,ANAKKAVUR,6403,cheyyatraivendran,230917,12.65833,79.50988,GP Office,2,9384
TAMIL NADU,33,TIRUVANNAMALAI,608,CHEYYAR,6407,arumparuthi,231098,12.728884,79.509743,GP Office,2,3757
TAMILNADU,33,TIRUVANNAMALAI,608,THELLAR,6415,kilnamandi,231444,12.390672,79.507681,GP Office,2,3605
TAMIL NADU,33,TIRUVANNAMALAI,608,CHEYYAR,6407,arugavoor,231097,12.685491,79.507235,GP Office,2,6899
TAMILNADU,33,TIRUVANNAMALAI,608,THELLAR,6415,vadavanakkampati,231490,12.506952,79.506987,GP Office,2,1162
TAMIL NADU,33,TIRUVANNAMALAI,608,ANAKKAVUR,6403,irungal,230922,12.61997,79.506697,GP Office,2,1365
TAMILNADU,33,TIRUVANNAMALAI,608,THELLAR,6415,kandavarati,231443,12.475888,79.505801,GP Office,2,3605
TAMIL NADU,33,TIRUVANNAMALAI,608,ANAKKAVUR,6403,sengadu,230948,12.602003,79.503952,GP Office,2,5898
TAMILNADU,33,TIRUVANNAMALAI,608,VEMBAKKAM,6419,maangal,231728,12.765671,79.503851,GP Office,2,311
TAMIL NADU,33,TIRUVANNAMALAI,608,CHEYYAR,6407,senkattankudil,231132,12.710078,79.501938,GP Office,2,7756
TAMILNADU,33,TIRUVANNAMALAI,608,VEMBAKKAM,6419,vengalathur,231709,12.743194,79.501419,GP Office,2,12448
TAMIL NADU,33,TIRUVANNAMALAI,608,PERNAMALLUR,6411,villanallur,231304,12.571432,79.501414,GP Office,2,4709
TAMILNADU,33,TIRUVANNAMALAI,608,THELLAR,6415,kiluelliyur,231447,12.494778,79.501057,GP Office,2,1157
TAMILNADU,33,TIRUVANNAMALAI,608,VEMBAKKAM,6419,kizhnelli,231721,12.801068,79.500933,GP Office,2,823
TAMILNADU,33,TIRUVANNAMALAI,608,THELLAR,6415,pancharai,231466,12.418168,79.500729,GP Office,2,8211
TAMILNADU,33,TIRUVANNAMALAI,608,VEMBAKKAM,6419,vadamanapakkam,231701,12.865177,79.499404,GP Office,2,3605
TAMILNADU,33,TIRUVANNAMALAI,608,VEMBAKKAM,6419,thiruppanamur,231698,12.821968,79.498568,GP Office,2,5282
TAMIL NADU,33,TIRUVANNAMALAI,608,ANAKKAVUR,6403,nelvoy,230943,12.634421,79.498322,GP Office,2,8871
TAMILNADU,33,TIRUVANNAMALAI,608,THELLAR,6415,thirakoil,231488,12.452876,79.497665,GP Office,2,2315
TAMILNADU,33,TIRUVANNAMALAI,608,THELLAR,6415,achamangalam,231431,12.400804,79.495767,GP Office,2,311
TAMIL NADU,33,TIRUVANNAMALAI,608,CHEYYAR,6407,perumpallam,231126,12.685571,79.495424,GP Office,2,5232
TAMILNADU,33,TIRUVANNAMALAI,608,THELLAR,6415,nerkunam,231463,12.366128,79.495191,GP Office,2,3605
TAMILNADU,33,TIRUVANNAMALAI,608,THELLAR,6415,thenthinnalur,231485,12.423207,79.494574,GP Office,2,1157
TAMIL NADU,33,TIRUVANNAMALAI,608,PERNAMALLUR,6411,anaibogi,231253,12.538686,79.492163,GP Office,2,3567
TAMIL NADU,33,TIRUVANNAMALAI,608,ANAKKAVUR,6403,melkolathur,230936,12.605128,79.489966,GP Office,2,2732
TAMILNADU,33,TIRUVANNAMALAI,608,VEMBAKKAM,6419,vadakalpakkam,231708,12.84755,79.48771,GP Office,2,3605
TAMIL NADU,33,TIRUVANNAMALAI,608,ANAKKAVUR,6403,kilathur,230924,12.668531,79.487341,GP Office,2,2732
TAMIL NADU,33,TIRUVANNAMALAI,608,CHEYYAR,6407,parasur,231125,12.642345,79.485695,GP Office,2,4873
TAMILNADU,33,TIRUVANNAMALAI,608,THELLAR,6415,kadambai,231442,12.482366,79.485444,GP Office,2,3605
TAMILNADU,33,TIRUVANNAMALAI,608,THELLAR,6415,thenkarai,231483,12.510332,79.484786,GP Office,2,1784
TAMILNADU,33,TIRUVANNAMALAI,608,VEMBAKKAM,6419,kundiyanthandalam,231695,12.758464,79.484572,GP Office,2,2315
TAMIL NADU,33,TIRUVANNAMALAI,608,CHEYYAR,6407,sundivakkam,231134,12.693851,79.484546,GP Office,2,198
TAMIL NADU,33,TIRUVANNAMALAI,608,PERNAMALLUR,6411,vallam,231301,12.522482,79.484289,GP Office,2,4393
TAMIL NADU,33,TIRUVANNAMALAI,608,ANAKKAVUR,6403,kottagaram,230929,12.578257,79.483887,GP Office,2,5233
TAMIL NADU,33,TIRUVANNAMALAI,608,ANAKKAVUR,6403,melnemili,230938,12.558052,79.482927,GP Office,2,1157
TAMIL NADU,33,TIRUVANNAMALAI,608,CHEYYAR,6407,naval,231118,12.627146,79.482759,GP Office,2,4051
TAMILNADU,33,TIRUVANNAMALAI,608,THELLAR,6415,chitharugavur,231435,12.400495,79.481602,GP Office,2,5898
TAMILNADU,33,TIRUVANNAMALAI,608,THELLAR,6415,kunnagampoondi,231452,12.397855,79.480386,GP Office,2,2999
TAMILNADU,33,TIRUVANNAMALAI,608,THELLAR,6415,sathapoondi,231473,12.462348,79.480105,GP Office,2,1212
TAMILNADU,33,TIRUVANNAMALAI,608,VEMBAKKAM,6419,ukkamperumpakkam,231694,12.830584,79.479555,GP Office,2,5232
TAMILNADU,33,TIRUVANNAMALAI,608,VEMBAKKAM,6419,vadailuppai,231672,12.863105,79.47927,GP Office,2,1162
TAMIL NADU,33,TIRUVANNAMALAI,608,CHEYYAR,6407,madhurai,231110,12.642071,79.477625,GP Office,2,445
TAMILNADU,33,TIRUVANNAMALAI,608,VEMBAKKAM,6419,thiruppanangadu,231682,12.821774,79.476968,GP Office,2,2315
TAMIL NADU,33,TIRUVANNAMALAI,608,CHEYYAR,6407,thandarai,231136,12.682975,79.476541,GP Office,2,4713
TAMIL NADU,33,TIRUVANNAMALAI,608,ANAKKAVUR,6403,vadathinnalur,230961,12.59604,79.475681,GP Office,2,1391
TAMIL NADU,33,TIRUVANNAMALAI,608,CHEYYAR,6407,kalanipakkam,231103,12.630671,79.475051,GP Office,2,3605
TAMIL NADU,33,TIRUVANNAMALAI,608,CHEYYAR,6407,enthavadi,231100,12.713192,79.47483,GP Office,2,4868
TAMILNADU,33,TIRUVANNAMALAI,608,THELLAR,6415,vedal,231491,12.37664,79.474404,GP Office,2,7331
TAMIL NADU,33,TIRUVANNAMALAI,608,CHEYYAR,6407,vakkadai,231145,12.62846,79.472144,GP Office,2,615
TAMILNADU,33,TIRUVANNAMALAI,608,THELLAR,6415,seeyamangalam,231475,12.428994,79.471693,GP Office,2,311
TAMILNADU,33,TIRUVANNAMALAI,608,VEMBAKKAM,6419,kodaiyambakkam,231711,12.785937,79.470166,GP Office,2,3605
TAMIL NADU,33,TIRUVANNAMALAI,608,CHEYYAR,6407,eraiyur,231101,12.665763,79.470151,GP Office,2,1157
TAMIL NADU,33,TIRUVANNAMALAI,608,PERNAMALLUR,6411,nambedu,231286,12.557055,79.469185,GP Office,2,4853
TAMIL NADU,33,TIRUVANNAMALAI,608,PERNAMALLUR,6411,thadinolambai,231299,12.526296,79.46739,GP Office,2,1162
TAMIL NADU,33,TIRUVANNAMALAI,608,CHEYYAR,6407,murukathanpoondi,231117,12.692979,79.467147,GP Office,2,4853
TAMILNADU,33,TIRUVANNAMALAI,608,VEMBAKKAM,6419,umaiyalpuram,231712,12.836696,79.466749,GP Office,2,2989
TAMILNADU,33,TIRUVANNAMALAI,608,THELLAR,6415,perugadaputhur,231469,12.443577,79.465992,GP Office,2,2662
TAMIL NADU,33,TIRUVANNAMALAI,608,CHEYYAR,6407,vadangampattu,231141,12.694494,79.465952,GP Office,2,1210
TAMIL NADU,33,TIRUVANNAMALAI,608,CHEYYAR,6407,mukkur,231115,12.640156,79.465522,GP Office,2,6489
TAMILNADU,33,TIRUVANNAMALAI,608,THELLAR,6415,mazhaiyur,231456,12.491303,79.462676,GP Office,2,3950
TAMILNADU,33,TIRUVANNAMALAI,608,THELLAR,6415,kothandapuram,231451,12.494083,79.46019,GP Office,2,4713
TAMILNADU,33,TIRUVANNAMALAI,608,VEMBAKKAM,6419,vellakulam,231715,12.811163,79.460148,GP Office,2,5475
TAMIL NADU,33,TIRUVANNAMALAI,608,CHEYYAR,6407,thalarapadi,231135,12.745575,79.457296,GP Office,2,2017
TAMIL NADU,33,TIRUVANNAMALAI,608,CHEYYAR,6407,maligaipattu,231111,12.608632,79.455356,GP Office,2,9098
TAMILNADU,33,TIRUVANNAMALAI,608,THELLAR,6415,gengampoondi,231438,12.395854,79.454324,GP Office,2,2999
TAMILNADU,33,TIRUVANNAMALAI,608,THELLAR,6415,magamaithirumani,231455,12.387499,79.454002,GP Office,2,12448
TAMIL NADU,33,TIRUVANNAMALAI,608,CHEYYAR,6407,thozhupedu,231139,12.660497,79.453152,GP Office,2,6535
TAMILNADU,33,TIRUVANNAMALAI,608,THELLAR,6415,arunthodu,231434,12.422621,79.450848,GP Office,2,12448
TAMIL NADU,33,TIRUVANNAMALAI,608,PERNAMALLUR,6411,septankulam,231295,12.531126,79.450095,GP Office,2,7534
TAMILNADU,33,TIRUVANNAMALAI,608,THELLAR,6415,thennathur,231484,12.436402,79.446764,GP Office,2,1157
TAMIL NADU,33,TIRUVANNAMALAI,608,CHEYYAR,6407,korukkai,231107,12.637295,79.445564,GP Office,2,6489
TAMIL NADU,33,TIRUVANNAMALAI,608,PERNAMALLUR,6411,endal,231260,12.492249,79.444917,GP Office,2,3365
TAMIL NADU,33,TIRUVANNAMALAI,608,PERNAMALLUR,6411,aliyur,231250,12.459096,79.444153,GP Office,2,1446
TAMIL NADU,33,TIRUVANNAMALAI,608,PERNAMALLUR,6411,solaiarugavur,231296,12.4513,79.443839,GP Office,2,890
TAMILNADU,33,TIRUVANNAMALAI,608,THELLAR,6415,vadakkupattu,231489,12.398011,79.44175,GP Office,2,2193
TAMIL NADU,33,TIRUVANNAMALAI,608,PERNAMALLUR,6411,madam,231275,12.449963,79.441319,GP Office,2,919
TAMIL NADU,33,TIRUVANNAMALAI,608,PERNAMALLUR,6411,reddikuppam,231293,12.508385,79.440434,GP Office,2,7246
TAMIL NADU,33,TIRUVANNAMALAI,608,PERNAMALLUR,6411,ariyapadi,231256,12.559073,79.440396,GP Office,2,5012
TAMIL NADU,33,TIRUVANNAMALAI,608,PERNAMALLUR,6411,isakolathur,231265,12.445803,79.433998,GP Office,2,2732
TAMIL NADU,33,TIRUVANNAMALAI,608,CHEYYAR,6407,vinnamangalam,231147,12.612202,79.43333,GP Office,2,4384
TAMIL NADU,33,TIRUVANNAMALAI,608,CHEYYAR,6407,pudukottai,231129,12.60057,79.432141,GP Office,2,1175
TAMIL NADU,33,TIRUVANNAMALAI,608,CHEYYAR,6407,kilpalandai,231105,12.65232,79.431344,GP Office,2,5385
TAMIL NADU,33,TIRUVANNAMALAI,608,PERNAMALLUR,6411,mosavadi,231283,12.523871,79.431031,GP Office,2,2714
TAMIL NADU,33,TIRUVANNAMALAI,608,CHEYYAR,6407,kaduganoor,231102,12.639468,79.42731,GP Office,2,1328
TAMIL NADU,33,TIRUVANNAMALAI,608,PERNAMALLUR,6411,kolipuliyur,231268,12.481353,79.42686,GP Office,2,3643
TAMIL NADU,33,TIRUVANNAMALAI,608,PERNAMALLUR,6411,kalyanapuram,231267,12.463409,79.426707,GP Office,2,2456
TAMIL NADU,33,TIRUVANNAMALAI,608,PERNAMALLUR,6411,injimedu,231264,12.541559,79.425319,GP Office,2,4853
TAMIL NADU,33,TIRUVANNAMALAI,608,PERNAMALLUR,6411,vayaloor,231302,12.427372,79.421265,GP Office,2,1602
TAMIL NADU,33,TIRUVANNAMALAI,608,PERNAMALLUR,6411,nalladisenai,231284,12.439109,79.419718,GP Office,2,4997
TAMIL NADU,33,TIRUVANNAMALAI,608,PERNAMALLUR,6411,poongunam,231291,12.415858,79.417722,GP Office,2,3633
TAMIL NADU,33,TIRUVANNAMALAI,608,PERNAMALLUR,6411,ragunadasamudram,231292,12.508395,79.417651,GP Office,2,919
TAMIL NADU,33,TIRUVANNAMALAI,608,PERNAMALLUR,6411,kottupakkam,231272,12.461252,79.417321,GP Office,2,1430
TAMIL NADU,33,TIRUVANNAMALAI,608,PERNAMALLUR,6411,solavaram,231297,12.581622,79.413798,GP Office,2,327
TAMIL NADU,33,TIRUVANNAMALAI,608,CHEYYAR,6407,melnagarambedu,231113,12.64168,79.410918,GP Office,2,2662
TAMIL NADU,33,TIRUVANNAMALAI,608,PERNAMALLUR,6411,mahadevimangalam,231273,12.532479,79.410898,GP Office,2,311
TAMIL NADU,33,TIRUVANNAMALAI,608,PERNAMALLUR,6411,chandrambadi,231259,12.553159,79.410791,GP Office,2,4709
TAMIL NADU,33,TIRUVANNAMALAI,608,PERNAMALLUR,6411,jagnnathapuram,231266,12.476152,79.40942,GP Office,2,2456
TAMIL NADU,33,TIRUVANNAMALAI,608,PERNAMALLUR,6411,melathangal,231278,12.49577,79.407686,GP Office,2,311
TAMIL NADU,33,TIRUVANNAMALAI,608,PERNAMALLUR,6411,alliyandal,231251,12.543911,79.407236,GP Office,2,9842
TAMIL NADU,33,TIRUVANNAMALAI,608,PERNAMALLUR,6411,arasambattu,231255,12.465079,79.405227,GP Office,2,512
TAMIL NADU,33,TIRUVANNAMALAI,608,CHEYYAR,6407,navalpakkam,231119,12.615501,79.403386,GP Office,2,3605
TAMIL NADU,33,TIRUVANNAMALAI,608,PERNAMALLUR,6411,thavani,231300,12.522832,79.400861,GP Office,2,2017
TAMIL NADU,33,TIRUVANNAMALAI,608,PERNAMALLUR,6411,visamangalam,231306,12.500677,79.398544,GP Office,2,3670
TAMIL NADU,33,TIRUVANNAMALAI,608,CHEYYAR,6407,pillanthi,231128,12.597405,79.39296,GP Office,2,3633
TAMIL NADU,33,TIRUVANNAMALAI,608,PERNAMALLUR,6411,melnandhiyambadi,231279,12.443246,79.390878,GP Office,2,1162
TAMIL NADU,33,TIRUVANNAMALAI,608,PERNAMALLUR,6411,avaniyapuram,231257,12.583324,79.389352,GP Office,2,4713
TAMIL NADU,33,TIRUVANNAMALAI,608,CHEYYAR,6407,korukkathur,231108,12.627565,79.388865,GP Office,2,2456
TAMIL NADU,33,TIRUVANNAMALAI,608,PERNAMALLUR,6411,nedungunam,231289,12.471802,79.386062,GP Office,2,5026
TAMIL NADU,33,TIRUVANNAMALAI,608,PERNAMALLUR,6411,melsathamangalam,231280,12.568243,79.384461,GP Office,2,311
TAMIL NADU,33,TIRUVANNAMALAI,608,ARANI,6404,randamkorattur,230990,12.71792,79.383419,GP Office,2,2662
TAMIL NADU,33,TIRUVANNAMALAI,608,PERNAMALLUR,6411,marakkunam,231274,12.550635,79.382345,GP Office,2,311
TAMIL NADU,33,TIRUVANNAMALAI,608,PERNAMALLUR,6411,veppambattu,231303,12.449344,79.376683,GP Office,2,961
TAMIL NADU,33,TIRUVANNAMALAI,608,PERNAMALLUR,6411,namathodu,231285,12.536678,79.375361,GP Office,2,12448
TAMIL NADU,33,TIRUVANNAMALAI,608,PERNAMALLUR,6411,anmarudai,231254,12.598649,79.373605,GP Office,2,919
TAMIL NADU,33,TIRUVANNAMALAI,608,PERNAMALLUR,6411,nariyambadi,231288,12.583701,79.373525,GP Office,2,4393
TAMIL NADU,33,TIRUVANNAMALAI,608,ARANI,6404,panaiyur,230987,12.695072,79.373035,GP Office,2,1446
TAMIL NADU,33,TIRUVANNAMALAI,608,PERNAMALLUR,6411,melvillivalam,231281,12.453294,79.372578,GP Office,2,1151
TAMIL NADU,33,TIRUVANNAMALAI,608,PERNAMALLUR,6411,narayanamangalam,231287,12.56189,79.371919,GP Office,2,311
TAMIL NADU,33,TIRUVANNAMALAI,608,PERNAMALLUR,6411,melapoondi,231277,12.513192,79.369236,GP Office,2,2999
TAMIL NADU,33,TIRUVANNAMALAI,608,PERNAMALLUR,6411,konamangalam,231271,12.51638,79.368925,GP Office,2,5322
TAMIL NADU,33,TIRUVANNAMALAI,608,PERNAMALLUR,6411,pernambakkam,231290,12.488625,79.367339,GP Office,2,3605
TAMIL NADU,33,TIRUVANNAMALAI,608,CHEYYAR,6407,munugapattu,231116,12.618632,79.366779,GP Office,2,982
TAMIL NADU,33,TIRUVANNAMALAI,608,PERNAMALLUR,6411,anadimangalam,231252,12.507002,79.362076,GP Office,2,311
TAMIL NADU,33,TIRUVANNAMALAI,608,PERNAMALLUR,6411,sudrakatteri,231298,12.596115,79.359197,GP Office,2,198
TAMIL NADU,33,TIRUVANNAMALAI,608,PERNAMALLUR,6411,morakaniyanur,231282,12.488006,79.358219,GP Office,2,1391
TAMIL NADU,33,TIRUVANNAMALAI,608,PERNAMALLUR,6411,vinayagapuram,231305,12.570961,79.35783,GP Office,2,3536
TAMIL NADU,33,TIRUVANNAMALAI,608,PERNAMALLUR,6411,imapuram,231263,12.543704,79.354204,GP Office,2,4259
TAMIL NADU,33,TIRUVANNAMALAI,608,ARANI,6404,thirumani,231138,12.609839,79.350121,GP Office,2,4107
TAMIL NADU,33,TIRUVANNAMALAI,608,ARANI,6404,ladapadi,230976,12.657972,79.349307,GP Office,2,3633
TAMIL NADU,33,TIRUVANNAMALAI,608,CHETPET,6406,gengasudamani,231059,12.490306,79.347679,GP Office,2,919
TAMIL NADU,33,TIRUVANNAMALAI,608,PERNAMALLUR,6411,kolappalur,231269,12.555343,79.347577,GP Office,2,1401
TAMIL NADU,33,TIRUVANNAMALAI,608,ARANI,6404,kalpoondi,230973,12.651528,79.346515,GP Office,2,2999
TAMIL NADU,33,TIRUVANNAMALAI,608,ARANI,6404,melseeshamangalam,231114,12.634078,79.346078,GP Office,2,311
TAMIL NADU,33,TIRUVANNAMALAI,608,PERNAMALLUR,6411,semmambadi,231294,12.519599,79.345277,GP Office,2,4119
TAMIL NADU,33,TIRUVANNAMALAI,608,ARANI,6404,mamandur,230978,12.66904,79.345161,GP Office,2,1535
TAMIL NADU,33,TIRUVANNAMALAI,608,PERNAMALLUR,6411,melanur,231276,12.598659,79.342349,GP Office,2,3754
TAMIL NADU,33,TIRUVANNAMALAI,608,PERNAMALLUR,6411,konaiyur,231270,12.577196,79.341438,GP Office,2,4099
TAMIL NADU,33,TIRUVANNAMALAI,608,CHETPET,6406,thathanur,231088,12.507367,79.339374,GP Office,2,2456
TAMIL NADU,33,TIRUVANNAMALAI,608,ARANI,6404,katteri,230975,12.678483,79.339225,GP Office,2,961
TAMIL NADU,33,TIRUVANNAMALAI,608,ARANI,6404,ladavaram,230977,12.726328,79.331929,GP Office,2,2662
TAMIL NADU,33,TIRUVANNAMALAI,608,CHETPET,6406,indiravanam,231061,12.537,79.33163,GP Office,2,3605
TAMIL NADU,33,TIRUVANNAMALAI,608,ARANI,6404,nethapakkam,230985,12.673494,79.330906,GP Office,2,5385
TAMIL NADU,33,TIRUVANNAMALAI,608,CHETPET,6406,ulagampattu,231091,12.508139,79.329334,GP Office,2,3633
TAMIL NADU,33,TIRUVANNAMALAI,608,CHETPET,6406,maruthuvambadi,231072,12.495349,79.328733,GP Office,2,2732
TAMIL NADU,33,TIRUVANNAMALAI,608,ARANI,6404,kangiluppai,230974,12.68713,79.328147,GP Office,2,12448
TAMIL NADU,33,TIRUVANNAMALAI,608,PERNAMALLUR,6411,gangapuram,231262,12.56305,79.327997,GP Office,2,919
TAMIL NADU,33,TIRUVANNAMALAI,608,CHETPET,6406,appedu,231049,12.517851,79.325501,GP Office,2,9384
TAMIL NADU,33,TIRUVANNAMALAI,608,ARANI,6404,molugamboondi,230981,12.662027,79.324026,GP Office,2,2999
TAMIL NADU,33,TIRUVANNAMALAI,608,CHETPET,6406,edaiyankulathur,231056,12.468116,79.322767,GP Office,2,12448
TAMILNADU,33,TIRUVANNAMALAI,608,WEST ARANI,6420,agaram,231734,12.606802,79.322123,GP Office,2,919
TAMIL NADU,33,TIRUVANNAMALAI,608,ARANI,6404,sangeethavadi,230994,12.730576,79.318225,GP Office,2,2589
TAMIL NADU,33,TIRUVANNAMALAI,608,ARANI,6404,s.v.nagaram,230993,12.675033,79.318013,GP Office,2,2561
TAMIL NADU,33,TIRUVANNAMALAI,608,ARANI,6404,palanthangal,231122,12.628046,79.315701,GP Office,2,2662
TAMIL NADU,33,TIRUVANNAMALAI,608,ARANI,6404,velappadi,230999,12.650326,79.314412,GP Office,2,2999
TAMIL NADU,33,TIRUVANNAMALAI,608,ARANI,6404,adanur,230966,12.711903,79.312907,GP Office,2,6819
TAMIL NADU,33,TIRUVANNAMALAI,608,CHETPET,6406,kothandavadi,231068,12.510109,79.311598,GP Office,2,7891
TAMILNADU,33,TIRUVANNAMALAI,608,WEST ARANI,6420,vinnamangalam,231769,12.58677,79.31107,GP Office,2,4384
TAMILNADU,33,TIRUVANNAMALAI,608,WEST ARANI,6420,rantham,231762,12.572862,79.308609,GP Office,2,5942
TAMIL NADU,33,TIRUVANNAMALAI,608,CHETPET,6406,rajamapuram,231081,12.45254,79.308492,GP Office,2,919
TAMIL NADU,33,TIRUVANNAMALAI,608,ARANI,6404,nesal,230984,12.626376,79.307468,GP Office,2,3223
TAMIL NADU,33,TIRUVANNAMALAI,608,CHETPET,6406,severappoondi,231086,12.466929,79.305533,GP Office,2,2999
TAMIL NADU,33,TIRUVANNAMALAI,608,ARANI,6404,irumbedu,230971,12.691313,79.304088,GP Office,2,5898
TAMIL NADU,33,TIRUVANNAMALAI,608,ARANI,6404,paiyur,230986,12.671296,79.302074,GP Office,2,1446
TAMIL NADU,33,TIRUVANNAMALAI,608,ARANI,6404,pudupattu,230989,12.629012,79.301944,GP Office,2,3633
TAMIL NADU,33,TIRUVANNAMALAI,608,CHETPET,6406,nambedu,231075,12.476977,79.301879,GP Office,2,4853
TAMILNADU,33,TIRUVANNAMALAI,608,WEST ARANI,6420,karippur,231743,12.496552,79.301636,GP Office,2,21306
TAMILNADU,33,TIRUVANNAMALAI,608,WEST ARANI,6420,thellur,231767,12.568003,79.301548,GP Office,2,1157
TAMILNADU,33,TIRUVANNAMALAI,608,WEST ARANI,6420,maduraiperumattur,231749,12.540075,79.301248,GP Office,2,3757
TAMIL NADU,33,TIRUVANNAMALAI,608,ARANI,6404,velleri,231000,12.723927,79.30116,GP Office,2,12093
TAMIL NADU,33,TIRUVANNAMALAI,608,ARANI,6404,vilai,231002,12.637807,79.299876,GP Office,2,961
TAMIL NADU,33,TIRUVANNAMALAI,608,ARANI,6404,chitteri,230970,12.638745,79.297392,GP Office,2,1374
TAMIL NADU,33,TIRUVANNAMALAI,608,ARANI,6404,kalleripattu,230972,12.649631,79.297183,GP Office,2,1527
TAMIL NADU,33,TIRUVANNAMALAI,608,CHETPET,6406,devimangalam,231055,12.463512,79.29273,GP Office,2,3670
TAMIL NADU,33,TIRUVANNAMALAI,608,ARANI,6404,morappanthangal,230982,12.741456,79.289783,GP Office,2,6892
TAMILNADU,33,TIRUVANNAMALAI,608,WEST ARANI,6420,marusoor,231751,12.602865,79.285221,GP Office,2,1071
TAMIL NADU,33,TIRUVANNAMALAI,608,ARANI,6404,meyyur,230980,12.711267,79.283949,GP Office,2,1430
TAMIL NADU,33,TIRUVANNAMALAI,608,CHETPET,6406,thumbur,231090,12.540001,79.282678,GP Office,2,5282
TAMILNADU,33,TIRUVANNAMALAI,608,WEST ARANI,6420,murugamangalam,231754,12.52041,79.278893,GP Office,2,311
TAMIL NADU,33,TIRUVANNAMALAI,608,ARANI,6404,rattinamangalam,230991,12.694212,79.277702,GP Office,2,3670
TAMIL NADU,33,TIRUVANNAMALAI,608,CHETPET,6406,kolakkaravadi,231065,12.505075,79.2774,GP Office,2,13192
TAMILNADU,33,TIRUVANNAMALAI,608,WEST ARANI,6420,thatchur,231765,12.57601,79.27608,GP Office,2,3465
TAMILNADU,33,TIRUVANNAMALAI,608,WEST ARANI,6420,ariyalam,231738,12.606635,79.274185,GP Office,2,2316
TAMIL NADU,33,TIRUVANNAMALAI,608,WEST ARANI,6420,vadugasathu,230997,12.642078,79.272974,GP Office,2,1210
TAMIL NADU,33,TIRUVANNAMALAI,608,ARANI,6404,adayapulam,230967,12.712913,79.270574,GP Office,2,4713
TAMIL NADU,33,TIRUVANNAMALAI,608,ARANI,6404,sevoor,230995,12.687875,79.268799,GP Office,2,5084
TAMIL NADU,33,TIRUVANNAMALAI,608,CHETPET,6406,thachambadi,231087,12.480256,79.268208,GP Office,2,2577
TAMIL NADU,33,TIRUVANNAMALAI,608,KEELPENNATHUR,6410,keekalur,231225,12.306506,79.265289,GP Office,2,5950
TAMIL NADU,33,TIRUVANNAMALAI,608,ARANI,6404,12-puthur,230965,12.771118,79.264057,GP Office,2,11173
TAMIL NADU,33,TIRUVANNAMALAI,608,CHETPET,6406,cheyyanandal,231053,12.465173,79.261866,GP Office,2,4384
TAMILNADU,33,TIRUVANNAMALAI,608,WEST ARANI,6420,mullipattu,231753,12.669619,79.258988,GP Office,2,2849
TAMIL NADU,33,TIRUVANNAMALAI,608,CHETPET,6406,narasingapuram,231076,12.520866,79.257727,GP Office,2,1187
TAMIL NADU,33,TIRUVANNAMALAI,608,KEELPENNATHUR,6410,sevarapoondi,231240,12.315066,79.256209,GP Office,2,2999
TAMIL NADU,33,TIRUVANNAMALAI,608,ARANI,6404,vettiyantholuvam,231001,12.749888,79.256037,GP Office,2,3095
TAMIL NADU,33,TIRUVANNAMALAI,608,ARANI,6404,mullandram,230983,12.78527,79.254705,GP Office,2,2662
TAMILNADU,33,TIRUVANNAMALAI,608,WEST ARANI,6420,devikapuram,231741,12.497847,79.252028,GP Office,2,5547
TAMIL NADU,33,TIRUVANNAMALAI,608,KEELPENNATHUR,6410,kathalampattu,231222,12.290455,79.251252,GP Office,2,3961
TAMILNADU,33,TIRUVANNAMALAI,608,WEST ARANI,6420,saduperipalayam,231763,12.583208,79.250865,GP Office,2,3644
TAMILNADU,33,TIRUVANNAMALAI,608,WEST ARANI,6420,malayampattu,231750,12.650749,79.25066,GP Office,2,10199
TAMIL NADU,33,TIRUVANNAMALAI,608,CHETPET,6406,othalavadi,231078,12.551521,79.249441,GP Office,2,2017
TAMILNADU,33,TIRUVANNAMALAI,608,WEST ARANI,6420,pungampadi,231760,12.638293,79.249426,GP Office,2,3633
TAMIL NADU,33,TIRUVANNAMALAI,608,ARANI,6404,vedajipuram,230998,12.801714,79.248174,GP Office,2,3536
TAMIL NADU,33,TIRUVANNAMALAI,608,ARANI,6404,agrapalayam,230968,12.704849,79.247994,GP Office,2,2316
TAMILNADU,33,TIRUVANNAMALAI,608,WEST ARANI,6420,pulavanpadi,231759,12.610964,79.246447,GP Office,2,3633
TAMIL NADU,33,TIRUVANNAMALAI,608,CHETPET,6406,chithathurai,231054,12.464149,79.245484,GP Office,2,9384
TAMIL NADU,33,TIRUVANNAMALAI,608,ARANI,6404,poosimalaikuppam,230988,12.779541,79.245022,GP Office,2,4384
TAMIL NADU,33,TIRUVANNAMALAI,608,KEELPENNATHUR,6410,anukkumalai,231207,12.13512,79.244856,GP Office,2,13192
TAMIL NADU,33,TIRUVANNAMALAI,608,CHETPET,6406,athurai,231052,12.472534,79.244224,GP Office,2,525
TAMIL NADU,33,TIRUVANNAMALAI,608,KEELPENNATHUR,6410,kallayee,231218,12.090713,79.243795,GP Office,2,1527
TAMIL NADU,33,TIRUVANNAMALAI,608,CHETPET,6406,sadupperi,231083,12.578082,79.243577,GP Office,2,251
TAMIL NADU,33,TIRUVANNAMALAI,608,CHETPET,6406,uthur,231092,12.538948,79.241271,GP Office,2,11173
TAMIL NADU,33,TIRUVANNAMALAI,608,KEELPENNATHUR,6410,kalpoondi,231219,12.256679,79.238519,GP Office,2,2999
TAMIL NADU,33,TIRUVANNAMALAI,608,KEELPENNATHUR,6410,neivanatham,231234,12.147785,79.237259,GP Office,2,1956
TAMIL NADU,33,TIRUVANNAMALAI,608,KEELPENNATHUR,6410,mekkalur,231229,12.297442,79.234692,GP Office,2,3754
TAMILNADU,33,TIRUVANNAMALAI,608,WEST ARANI,6420,kamakkur,231742,12.673682,79.232769,GP Office,2,11364
TAMIL NADU,33,TIRUVANNAMALAI,608,KEELPENNATHUR,6410,rayampettai,231238,12.217102,79.231632,GP Office,2,3757
TAMILNADU,33,TIRUVANNAMALAI,608,THURINJAPURAM,6416,boodamangalam,231493,12.378647,79.230818,GP Office,2,5322
TAMIL NADU,33,TIRUVANNAMALAI,608,CHETPET,6406,madavilagam,231069,12.573175,79.230799,GP Office,2,9515
TAMIL NADU,33,TIRUVANNAMALAI,608,ARANI,6404,s.u.vanam,230992,12.747166,79.230133,GP Office,2,2561
TAMILNADU,33,TIRUVANNAMALAI,608,WEST ARANI,6420,kunnathur,231748,12.690515,79.229643,GP Office,2,5202
TAMIL NADU,33,TIRUVANNAMALAI,608,CHETPET,6406,gudalore,231060,12.571794,79.228294,GP Office,2,1071
TAMIL NADU,33,TIRUVANNAMALAI,608,ARANI,6404,sirumur,230996,12.730244,79.227736,GP Office,2,5282
TAMIL NADU,33,TIRUVANNAMALAI,608,CHETPET,6406,ariyathur,231050,12.56132,79.227144,GP Office,2,3465
TAMIL NADU,33,TIRUVANNAMALAI,608,ARANI,6404,ariyapadi,230969,12.713139,79.225808,GP Office,2,5012
TAMIL NADU,33,TIRUVANNAMALAI,608,POLUR,6412,enduvambadi,231311,12.618443,79.22573,GP Office,2,1162
TAMIL NADU,33,TIRUVANNAMALAI,608,CHETPET,6406,modaiyur,231074,12.505187,79.224405,GP Office,2,3465
TAMIL NADU,33,TIRUVANNAMALAI,608,KEELPENNATHUR,6410,vaipur,231245,12.069683,79.224115,GP Office,2,8724
TAMIL NADU,33,TIRUVANNAMALAI,608,POLUR,6412,mukkrumbai,231327,12.599927,79.222988,GP Office,2,7072
TAMILNADU,33,TIRUVANNAMALAI,608,THURINJAPURAM,6416,erumpoondi,231496,12.324682,79.221776,GP Office,2,2999
TAMIL NADU,33,TIRUVANNAMALAI,608,CHETPET,6406,mansurabad,231071,12.404754,79.219374,GP Office,2,5012
TAMIL NADU,33,TIRUVANNAMALAI,608,CHETPET,6406,vambalur,231094,12.54081,79.218809,GP Office,2,4259
TAMIL NADU,33,TIRUVANNAMALAI,608,KEELPENNATHUR,6410,olaipadi,231235,12.116229,79.218252,GP Office,2,10083
TAMIL NADU,33,TIRUVANNAMALAI,608,CHETPET,6406,arumbalur,231051,12.529908,79.21609,GP Office,2,2329
TAMILNADU,33,TIRUVANNAMALAI,608,WEST ARANI,6420,sambuvarayanallur,231764,12.675286,79.215314,GP Office,2,12448
TAMIL NADU,33,TIRUVANNAMALAI,608,KEELPENNATHUR,6410,neelanthangal,231233,12.158531,79.214582,GP Office,2,4437
TAMIL NADU,33,TIRUVANNAMALAI,608,KEELPENNATHUR,6410,agaram,231205,12.078674,79.214287,GP Office,2,919
TAMILNADU,33,TIRUVANNAMALAI,608,WEST ARANI,6420,thatcharampattu,231766,12.660849,79.21322,GP Office,2,2577
TAMIL NADU,33,TIRUVANNAMALAI,608,KEELPENNATHUR,6410,gudalur(z),231214,12.148784,79.209831,GP Office,2,5448
TAMILNADU,33,TIRUVANNAMALAI,608,WEST ARANI,6420,nadukuppam,231755,12.663655,79.209829,GP Office,2,3365
TAMIL NADU,33,TIRUVANNAMALAI,608,KEELPENNATHUR,6410,valudalangunam,231246,12.286458,79.209151,GP Office,2,6904
TAMILNADU,33,TIRUVANNAMALAI,608,THURINJAPURAM,6416,vedandavadi,231537,12.351128,79.208283,GP Office,2,1162
TAMIL NADU,33,TIRUVANNAMALAI,608,CHETPET,6406,peranambakkam,231080,12.459017,79.207298,GP Office,2,3605
TAMIL NADU,33,TIRUVANNAMALAI,608,KEELPENNATHUR,6410,karikalampadi,231221,12.201839,79.206404,GP Office,2,20318
TAMIL NADU,33,TIRUVANNAMALAI,608,CHETPET,6406,thirumalai,231089,12.555812,79.205949,GP Office,2,4107
TAMILNADU,33,TIRUVANNAMALAI,608,WEST ARANI,6420,kilnagar,231745,12.700643,79.205558,GP Office,2,5950
TAMIL NADU,33,TIRUVANNAMALAI,608,KEELPENNATHUR,6410,avoor,231210,12.131235,79.205458,GP Office,2,2255
TAMILNADU,33,TIRUVANNAMALAI,608,THURINJAPURAM,6416,kothanthavadi,231506,12.323549,79.20529,GP Office,2,2714
TAMIL NADU,33,TIRUVANNAMALAI,608,POLUR,6412,erikuppam,231312,12.649899,79.203637,GP Office,2,3536
TAMILNADU,33,TIRUVANNAMALAI,608,TIRUVANNAMALAI,6417,nariyur,231577,12.087863,79.203016,GP Office,2,1157
TAMIL NADU,33,TIRUVANNAMALAI,608,KEELPENNATHUR,6410,vayalur,231247,12.142553,79.202578,GP Office,2,2989
TAMIL NADU,33,TIRUVANNAMALAI,608,CHETPET,6406,mattapiraiyur,231073,12.496785,79.201278,GP Office,2,1157
TAMIL NADU,33,TIRUVANNAMALAI,608,KEELPENNATHUR,6410,kaniyampoondi,231220,12.195864,79.201255,GP Office,2,1162
TAMIL NADU,33,TIRUVANNAMALAI,608,KEELPENNATHUR,6410,nariyamangalam,231232,12.261032,79.201053,GP Office,2,311
TAMIL NADU,33,TIRUVANNAMALAI,608,CHETPET,6406,alliyalamangalam,231048,12.489086,79.200602,GP Office,2,311
TAMIL NADU,33,TIRUVANNAMALAI,608,POLUR,6412,illupakunam,231313,12.626371,79.200574,GP Office,2,11734
TAMIL NADU,33,TIRUVANNAMALAI,608,CHETPET,6406,kilpattu,231064,12.587415,79.199712,GP Office,2,961
TAMIL NADU,33,TIRUVANNAMALAI,608,KEELPENNATHUR,6410,kolathur,231227,12.172821,79.199558,GP Office,2,2732
TAMIL NADU,33,TIRUVANNAMALAI,608,POLUR,6412,sedarampattu,231337,12.679185,79.199469,GP Office,2,198
TAMIL NADU,33,TIRUVANNAMALAI,608,POLUR,6412,kasthampadi,231319,12.613031,79.198363,GP Office,2,1191
TAMIL NADU,33,TIRUVANNAMALAI,608,CHETPET,6406,mandakolathur,231070,12.52317,79.198297,GP Office,2,12448
TAMIL NADU,33,TIRUVANNAMALAI,608,KEELPENNATHUR,6410,sirunathur,231241,12.247982,79.198261,GP Office,2,10066
TAMIL NADU,33,TIRUVANNAMALAI,608,CHETPET,6406,randam,231082,12.456343,79.197909,GP Office,2,2315
TAMIL NADU,33,TIRUVANNAMALAI,608,KEELPENNATHUR,6410,sanipoondi,231239,12.155475,79.196864,GP Office,2,2999
TAMIL NADU,33,TIRUVANNAMALAI,608,CHETPET,6406,semmiyamangalam,231085,12.471983,79.196454,GP Office,2,311
TAMILNADU,33,TIRUVANNAMALAI,608,WEST ARANI,6420,melnagar,231752,12.697098,79.194035,GP Office,2,2662
TAMILNADU,33,TIRUVANNAMALAI,608,WEST ARANI,6420,pudupalayam,231758,12.717872,79.1934,GP Office,2,6351
TAMIL NADU,33,TIRUVANNAMALAI,608,KEELPENNATHUR,6410,vedanatham,231248,12.214888,79.1932,GP Office,2,1956
TAMIL NADU,33,TIRUVANNAMALAI,608,CHETPET,6406,vadamathimangalam,231093,12.586198,79.192401,GP Office,2,2662
TAMILNADU,33,TIRUVANNAMALAI,608,THURINJAPURAM,6416,karumarapatti,231502,12.321502,79.190545,GP Office,2,3757
TAMIL NADU,33,TIRUVANNAMALAI,608,KALASAPAKKAM,6409,padagam,231189,12.423657,79.190144,GP Office,2,2662
TAMIL NADU,33,TIRUVANNAMALAI,608,KEELPENNATHUR,6410,ganapapuram,231213,12.277847,79.189092,GP Office,2,2456
TAMIL NADU,33,TIRUVANNAMALAI,608,CHETPET,6406,karikkathur,231063,12.537798,79.188945,GP Office,2,3125
TAMILNADU,33,TIRUVANNAMALAI,608,WEST ARANI,6420,palaya egambaranallur,231757,12.681244,79.187803,GP Office,2,2662
TAMIL NADU,33,TIRUVANNAMALAI,608,KEELPENNATHUR,6410,panniyur,231236,12.096816,79.186686,GP Office,2,1446
TAMIL NADU,33,TIRUVANNAMALAI,608,KALASAPAKKAM,6409,alangaramangalam,231161,12.437383,79.185765,GP Office,2,311
TAMILNADU,33,TIRUVANNAMALAI,608,KEELPENNATHUR,6410,kilkaripur,231565,12.131894,79.185761,GP Office,2,1187
TAMIL NADU,33,TIRUVANNAMALAI,608,KEELPENNATHUR,6410,rajanthangal,231237,12.14947,79.184857,GP Office,2,9515
TAMIL NADU,33,TIRUVANNAMALAI,608,CHETPET,6406,kolavoor,231066,12.491384,79.184691,GP Office,2,2255
TAMILNADU,33,TIRUVANNAMALAI,608,THURINJAPURAM,6416,arppakkam,231492,12.372369,79.184395,GP Office,2,1430
TAMIL NADU,33,TIRUVANNAMALAI,608,CHETPET,6406,alamppoondi,231047,12.566684,79.18406,GP Office,2,2999
TAMIL NADU,33,TIRUVANNAMALAI,608,KEELPENNATHUR,6410,angunam,231206,12.084489,79.183633,GP Office,2,3633
TAMILNADU,33,TIRUVANNAMALAI,608,WEST ARANI,6420,athimalaipattu,231739,12.724661,79.182645,GP Office,2,2017
TAMIL NADU,33,TIRUVANNAMALAI,608,POLUR,6412,narayanamangalam,231329,12.637588,79.181996,GP Office,2,311
TAMIL NADU,33,TIRUVANNAMALAI,608,POLUR,6412,krishnapuram,231322,12.635442,79.181302,GP Office,2,1187
TAMIL NADU,33,TIRUVANNAMALAI,608,KEELPENNATHUR,6410,kazhikulam,231224,12.275871,79.181243,GP Office,2,7080
TAMILNADU,33,TIRUVANNAMALAI,608,TIRUVANNAMALAI,6417,madurampattu,231567,12.065714,79.180576,GP Office,2,1210
TAMILNADU,33,TIRUVANNAMALAI,608,WEST ARANI,6420,ayyampalayam,231740,12.695579,79.180498,GP Office,2,1519
TAMIL NADU,33,TIRUVANNAMALAI,608,CHETPET,6406,seetambattu,231195,12.395287,79.178636,GP Office,2,2589
TAMIL NADU,33,TIRUVANNAMALAI,608,CHETPET,6406,eyakolathur,231058,12.519069,79.178618,GP Office,2,2732
TAMILNADU,33,TIRUVANNAMALAI,608,WEST ARANI,6420,onnupuram,231756,12.719799,79.178405,GP Office,2,3534
TAMIL NADU,33,TIRUVANNAMALAI,608,POLUR,6412,vellur,231344,12.659127,79.177914,GP Office,2,13143
TAMILNADU,33,TIRUVANNAMALAI,608,THURINJAPURAM,6416,mangalam,231512,12.329016,79.177403,GP Office,2,311
TAMILNADU,33,TIRUVANNAMALAI,608,TIRUVANNAMALAI,6417,ananandal,231544,12.074238,79.176014,GP Office,2,20318
TAMIL NADU,33,TIRUVANNAMALAI,608,CHETPET,6406,ettivadi,231057,12.572477,79.175968,GP Office,2,4868
TAMIL NADU,33,TIRUVANNAMALAI,608,KEELPENNATHUR,6410,kattumalaiyanur,231223,12.189091,79.174332,GP Office,2,961
TAMILNADU,33,TIRUVANNAMALAI,608,TIRUVANNAMALAI,6417,isukalikatteri,231555,12.112406,79.174178,GP Office,2,4104
TAMILNADU,33,TIRUVANNAMALAI,608,WEST ARANI,6420,appanallur,231737,12.735078,79.174074,GP Office,2,4873
TAMIL NADU,33,TIRUVANNAMALAI,608,CHETPET,6406,ogur,231077,12.533337,79.171185,GP Office,2,1365
TAMILNADU,33,TIRUVANNAMALAI,608,TIRUVANNAMALAI,6417,kadagaman,231556,12.055056,79.170485,GP Office,2,3605
TAMILNADU,33,TIRUVANNAMALAI,608,WEST ARANI,6420,ramasanikuppam,231761,12.712632,79.170433,GP Office,2,9515
TAMILNADU,33,TIRUVANNAMALAI,608,TIRUVANNAMALAI,6417,andampallam,231545,12.090137,79.16634,GP Office,2,768
TAMIL NADU,33,TIRUVANNAMALAI,608,POLUR,6412,palavarthuvendran,231331,12.584691,79.165843,GP Office,2,327
TAMILNADU,33,TIRUVANNAMALAI,608,TIRUVANNAMALAI,6417,viruduvilanginan,231606,12.040907,79.165746,GP Office,2,3161
TAMIL NADU,33,TIRUVANNAMALAI,608,CHETPET,6406,vilapakkam,231095,12.468774,79.165301,GP Office,2,1151
TAMIL NADU,33,TIRUVANNAMALAI,608,KEELPENNATHUR,6410,nadalaganadal,231231,12.154424,79.16333,GP Office,2,3605
TAMILNADU,33,TIRUVANNAMALAI,608,WEST ARANI,6420,vannankulam,231768,12.71261,79.16316,GP Office,2,3605
TAMILNADU,33,TIRUVANNAMALAI,608,WEST ARANI,6420,kongarampattu,231747,12.755568,79.163008,GP Office,2,512
TAMILNADU,33,TIRUVANNAMALAI,608,THURINJAPURAM,6416,kovur,231507,12.403644,79.161318,GP Office,2,512
TAMIL NADU,33,TIRUVANNAMALAI,608,POLUR,6412,murugapadi,231328,12.53073,79.160755,GP Office,2,982
TAMIL NADU,33,TIRUVANNAMALAI,608,KEELPENNATHUR,6410,ganalapadi,231212,12.285373,79.16065,GP Office,2,4997
TAMIL NADU,33,TIRUVANNAMALAI,608,KEELPENNATHUR,6410,na.gengapattu,231230,12.14801,79.160641,GP Office,2,4853
TAMIL NADU,33,TIRUVANNAMALAI,608,KALASAPAKKAM,6409,kampattu,231173,12.436266,79.160073,GP Office,2,4104
TAMIL NADU,33,TIRUVANNAMALAI,608,KALASAPAKKAM,6409,aniyalai,231163,12.433458,79.159333,GP Office,2,1162
TAMIL NADU,33,TIRUVANNAMALAI,608,KEELPENNATHUR,6410,iyangunam,231215,12.272595,79.159123,GP Office,2,3536
TAMIL NADU,33,TIRUVANNAMALAI,608,KEELPENNATHUR,6410,kadambai,231216,12.227638,79.158984,GP Office,2,3605
TAMIL NADU,33,TIRUVANNAMALAI,608,POLUR,6412,santhavasal,231336,12.645191,79.15861,GP Office,2,2822
TAMIL NADU,33,TIRUVANNAMALAI,608,CHETPET,6406,koralpakkam,231067,12.486844,79.156051,GP Office,2,1576
TAMIL NADU,33,TIRUVANNAMALAI,608,POLUR,6412,kalvasal,231317,12.614319,79.154977,GP Office,2,4051
TAMIL NADU,33,TIRUVANNAMALAI,608,KEELPENNATHUR,6410,su.polakunam,231244,12.201404,79.154973,GP Office,2,3633
TAMIL NADU,33,TIRUVANNAMALAI,608,CHETPET,6406,karaipoondi,231062,12.500439,79.154395,GP Office,2,2999
TAMIL NADU,33,TIRUVANNAMALAI,608,KEELPENNATHUR,6410,konalur,231228,12.170018,79.153777,GP Office,2,8871
TAMIL NADU,33,TIRUVANNAMALAI,608,KALASAPAKKAM,6409,pelasur,231079,12.461624,79.153012,GP Office,2,5547
TAMILNADU,33,TIRUVANNAMALAI,608,WEST ARANI,6420,alagusenai,231735,12.728474,79.152259,GP Office,2,3633
TAMILNADU,33,TIRUVANNAMALAI,608,THURINJAPURAM,6416,palanandal,231519,12.345097,79.15221,GP Office,2,20318
TAMILNADU,33,TIRUVANNAMALAI,608,THURINJAPURAM,6416,karkonam,231501,12.40061,79.15135,GP Office,2,3605
TAMILNADU,33,TIRUVANNAMALAI,608,TIRUVANNAMALAI,6417,thandarai,231599,12.12019,79.150818,GP Office,2,4713
TAMIL NADU,33,TIRUVANNAMALAI,608,KEELPENNATHUR,6410,chellankuppam,231211,12.145621,79.150321,GP Office,2,2406
TAMILNADU,33,TIRUVANNAMALAI,608,THURINJAPURAM,6416,randam,231523,12.296588,79.149726,GP Office,2,2315
TAMIL NADU,33,TIRUVANNAMALAI,608,KALASAPAKKAM,6409,ladavaram,231182,12.413161,79.149486,GP Office,2,2662
TAMILNADU,33,TIRUVANNAMALAI,608,TIRUVANNAMALAI,6417,t.valsai,231596,12.081189,79.149418,GP Office,2,5363
TAMIL NADU,33,TIRUVANNAMALAI,608,KEELPENNATHUR,6410,kalingaleri,231217,12.193303,79.148565,GP Office,2,1251
TAMILNADU,33,TIRUVANNAMALAI,608,THURINJAPURAM,6416,kamalaputhur,231499,12.383077,79.147822,GP Office,2,11364
TAMIL NADU,33,TIRUVANNAMALAI,608,KEELPENNATHUR,6410,somasipadi,231243,12.23911,79.147383,GP Office,2,2206
TAMIL NADU,33,TIRUVANNAMALAI,608,KEELPENNATHUR,6410,arumbakkam,231209,12.186942,79.147173,GP Office,2,3605
TAMILNADU,33,TIRUVANNAMALAI,608,TIRUVANNAMALAI,6417,su.nallur,231593,12.105237,79.146192,GP Office,2,8871
TAMILNADU,33,TIRUVANNAMALAI,608,WEST ARANI,6420,andipalayam,231736,12.717895,79.144976,GP Office,2,2315
TAMIL NADU,33,TIRUVANNAMALAI,608,CHETPET,6406,sanikkavadi,231084,12.480327,79.144515,GP Office,2,13192
TAMIL NADU,33,TIRUVANNAMALAI,608,POLUR,6412,venmani,231345,12.511705,79.142989,GP Office,2,3542
TAMIL NADU,33,TIRUVANNAMALAI,608,KEELPENNATHUR,6410,velanandal,231249,12.177268,79.14227,GP Office,2,6904
TAMIL NADU,33,TIRUVANNAMALAI,608,POLUR,6412,sengunam,231338,12.551717,79.142269,GP Office,2,5026
TAMIL NADU,33,TIRUVANNAMALAI,608,POLUR,6412,kelur,231321,12.598652,79.142007,GP Office,2,5950
TAMILNADU,33,TIRUVANNAMALAI,608,WEST ARANI,6420,kolathur,231746,12.735538,79.141974,GP Office,2,2732
TAMILNADU,33,TIRUVANNAMALAI,608,WEST ARANI,6420,5-puthur,231733,12.700371,79.141895,GP Office,2,11173
TAMIL NADU,33,TIRUVANNAMALAI,608,KEELPENNATHUR,6410,so.namiyandal,231242,12.253124,79.1418,GP Office,2,768
TAMILNADU,33,TIRUVANNAMALAI,608,TIRUVANNAMALAI,6417,su.valavetti,231595,12.071971,79.139809,GP Office,2,198
TAMIL NADU,33,TIRUVANNAMALAI,608,KALASAPAKKAM,6409,pathiyavady,231191,12.449455,79.139353,GP Office,2,3961
TAMIL NADU,33,TIRUVANNAMALAI,608,KEELPENNATHUR,6410,keeranur,231226,12.185019,79.137921,GP Office,2,890
TAMIL NADU,33,TIRUVANNAMALAI,608,POLUR,6412,kunnathur,231323,12.534414,79.137079,GP Office,2,5202
TAMIL NADU,33,TIRUVANNAMALAI,608,POLUR,6412,kalkuppam,231315,12.712032,79.136304,GP Office,2,4431
TAMILNADU,33,TIRUVANNAMALAI,608,TIRUVANNAMALAI,6417,su.kambupattu,231592,12.110014,79.135882,GP Office,2,4104
TAMIL NADU,33,TIRUVANNAMALAI,608,POLUR,6412,kuppam,231324,12.722326,79.135801,GP Office,2,961
TAMILNADU,33,TIRUVANNAMALAI,608,WEST ARANI,6420,kattukanallur,231744,12.753453,79.135727,GP Office,2,961
TAMIL NADU,33,TIRUVANNAMALAI,608,POLUR,6412,vazhiyur,231342,12.697334,79.135719,GP Office,2,1741
TAMIL NADU,33,TIRUVANNAMALAI,608,POLUR,6412,vilankuppam,231346,12.615365,79.135363,GP Office,2,1151
TAMILNADU,33,TIRUVANNAMALAI,608,TIRUVANNAMALAI,6417,t.valavetti,231597,12.096465,79.135363,GP Office,2,2017
TAMILNADU,33,TIRUVANNAMALAI,608,THURINJAPURAM,6416,m. n. palayam,231509,12.395117,79.135061,GP Office,2,5232
TAMIL NADU,33,TIRUVANNAMALAI,608,TIRUVANNAMALAI,6417,aranji,231208,12.221078,79.134892,GP Office,2,3605
TAMILNADU,33,TIRUVANNAMALAI,608,THURINJAPURAM,6416,veluganandal,231538,12.365493,79.13239,GP Office,2,6904
TAMILNADU,33,TIRUVANNAMALAI,608,THURINJAPURAM,6416,nookkambadi,231517,12.305093,79.131651,GP Office,2,4119
TAMILNADU,33,TIRUVANNAMALAI,608,TIRUVANNAMALAI,6417,veraiyur,231605,12.09309,79.130693,GP Office,2,6278
TAMILNADU,33,TIRUVANNAMALAI,608,TIRUVANNAMALAI,6417,nallannilipetral,231575,12.203225,79.12908,GP Office,2,7534
TAMIL NADU,33,TIRUVANNAMALAI,608,POLUR,6412,kattipoondi,231320,12.589954,79.128879,GP Office,2,2999
TAMILNADU,33,TIRUVANNAMALAI,608,TIRUVANNAMALAI,6417,kalleri,231557,12.082065,79.128464,GP Office,2,1527
TAMIL NADU,33,TIRUVANNAMALAI,608,POLUR,6412,renderipattu,231335,12.524485,79.128056,GP Office,2,4420
TAMILNADU,33,TIRUVANNAMALAI,608,THURINJAPURAM,6416,vallivagai,231536,12.272977,79.127286,GP Office,2,4393
TAMILNADU,33,TIRUVANNAMALAI,608,THURINJAPURAM,6416,madalampadi,231510,12.325448,79.127185,GP Office,2,20318
TAMILNADU,33,TIRUVANNAMALAI,608,TIRUVANNAMALAI,6417,pavithram,231585,12.116851,79.125454,GP Office,2,3095
TAMILNADU,33,TIRUVANNAMALAI,608,TIRUVANNAMALAI,6417,panaiyur,231582,12.035723,79.125411,GP Office,2,1446
TAMIL NADU,33,TIRUVANNAMALAI,608,KALASAPAKKAM,6409,kalur,231172,12.455616,79.124882,GP Office,2,5950
TAMIL NADU,33,TIRUVANNAMALAI,608,POLUR,6412,vasur,231343,12.489052,79.124269,GP Office,2,5363
TAMIL NADU,33,TIRUVANNAMALAI,608,POLUR,6412,athuvambadi,231308,12.599462,79.123448,GP Office,2,2732
TAMIL NADU,33,TIRUVANNAMALAI,608,KALASAPAKKAM,6409,anaivady,231162,12.461032,79.122442,GP Office,2,7171
TAMILNADU,33,TIRUVANNAMALAI,608,TIRUVANNAMALAI,6417,arudirapattu,231546,12.058181,79.122028,GP Office,2,874
TAMIL NADU,33,TIRUVANNAMALAI,608,JAWATHU HILLS,6408,thuringikuppam,231340,12.608746,79.121949,GP Office,2,2315
TAMILNADU,33,TIRUVANNAMALAI,608,THURINJAPURAM,6416,porkunam,231521,12.382134,79.121741,GP Office,2,3633
TAMIL NADU,33,TIRUVANNAMALAI,608,POLUR,6412,kalasamuthiram,231314,12.699577,79.121571,GP Office,2,12052
TAMILNADU,33,TIRUVANNAMALAI,608,THURINJAPURAM,6416,salaiyanur,231525,12.426051,79.121372,GP Office,2,890
TAMILNADU,33,TIRUVANNAMALAI,608,THURINJAPURAM,6416,kunniyandal,231508,12.265805,79.120225,GP Office,2,768
TAMILNADU,33,TIRUVANNAMALAI,608,TIRUVANNAMALAI,6417,malappambadi,231568,12.244457,79.119117,GP Office,2,4119
TAMIL NADU,33,TIRUVANNAMALAI,608,POLUR,6412,kuruvimalai,231325,12.459805,79.117902,GP Office,2,7072
TAMIL NADU,33,TIRUVANNAMALAI,608,POLUR,6412,periyagaram,231332,12.538814,79.115931,GP Office,2,3536
TAMILNADU,33,TIRUVANNAMALAI,608,TIRUVANNAMALAI,6417,chinnakangiyanur,231551,12.219771,79.114135,GP Office,2,4384
TAMILNADU,33,TIRUVANNAMALAI,608,THURINJAPURAM,6416,vadakarumbalore,231532,12.327958,79.11407,GP Office,2,2055
TAMIL NADU,33,TIRUVANNAMALAI,608,POLUR,6412,padavedu,231330,12.660406,79.113575,GP Office,2,8871
TAMILNADU,33,TIRUVANNAMALAI,608,THURINJAPURAM,6416,sorakulathur,231528,12.368299,79.11223,GP Office,2,12448
TAMIL NADU,33,TIRUVANNAMALAI,608,POLUR,6412,pudupalayam,231334,12.476848,79.111617,GP Office,2,6351
TAMIL NADU,33,TIRUVANNAMALAI,608,POLUR,6412,potharai,231333,12.565235,79.110063,GP Office,2,2662
TAMILNADU,33,TIRUVANNAMALAI,608,TIRUVANNAMALAI,6417,su.andapattu,231591,12.136478,79.108654,GP Office,2,3633
TAMILNADU,33,TIRUVANNAMALAI,608,TIRUVANNAMALAI,6417,perumanam,231588,12.041692,79.108608,GP Office,2,7796
TAMILNADU,33,TIRUVANNAMALAI,608,THURINJAPURAM,6416,kalasthambadi,231498,12.299816,79.108598,GP Office,2,2732
TAMILNADU,33,TIRUVANNAMALAI,608,TIRUVANNAMALAI,6417,kannapandal,231561,12.159569,79.106628,GP Office,2,3605
TAMILNADU,33,TIRUVANNAMALAI,608,TIRUVANNAMALAI,6417,chinnakallapadi,231549,12.089453,79.106369,GP Office,2,4384
TAMILNADU,33,TIRUVANNAMALAI,608,TIRUVANNAMALAI,6417,nadupattu,231574,12.146191,79.106157,GP Office,2,5652
TAMILNADU,33,TIRUVANNAMALAI,608,THURINJAPURAM,6416,sananandal,231526,12.285037,79.105037,GP Office,2,20318
TAMIL NADU,33,TIRUVANNAMALAI,608,KALASAPAKKAM,6409,then pallipet,231201,12.429434,79.102079,GP Office,2,1157
TAMILNADU,33,TIRUVANNAMALAI,608,THURINJAPURAM,6416,vadakaringalipadi,231533,12.3724,79.101873,GP Office,2,1162
TAMILNADU,33,TIRUVANNAMALAI,608,TIRUVANNAMALAI,6417,endal,231554,12.214774,79.101734,GP Office,2,3365
TAMILNADU,33,TIRUVANNAMALAI,608,TIRUVANNAMALAI,6417,alaganandal,231541,12.164081,79.101712,GP Office,2,20318
TAMILNADU,33,TIRUVANNAMALAI,608,TIRUVANNAMALAI,6417,periyakallapadi,231587,12.098488,79.101362,GP Office,2,5012
TAMILNADU,33,TIRUVANNAMALAI,608,TIRUVANNAMALAI,6417,kiliyapattu,231504,12.266572,79.101294,GP Office,2,961
TAMILNADU,33,TIRUVANNAMALAI,608,TIRUVANNAMALAI,6417,aradapattu,231546,12.125919,79.101071,GP Office,2,512
TAMIL NADU,33,TIRUVANNAMALAI,608,POLUR,6412,kangeyanoor,231318,12.478109,79.100736,GP Office,2,6899
TAMILNADU,33,TIRUVANNAMALAI,608,THURINJAPURAM,6416,naidumangalam,231516,12.401808,79.100384,GP Office,2,3670
TAMILNADU,33,TIRUVANNAMALAI,608,TIRUVANNAMALAI,6417,kolakudi,231566,12.149016,79.099848,GP Office,2,2732
TAMIL NADU,33,TIRUVANNAMALAI,608,KALASAPAKKAM,6409,kalasapakkam,231171,12.433797,79.099752,GP Office,2,3605
TAMIL NADU,33,TIRUVANNAMALAI,608,POLUR,6412,kalpattu,231316,12.757991,79.09928,GP Office,2,961
TAMILNADU,33,TIRUVANNAMALAI,608,TIRUVANNAMALAI,6417,su.pappambadi,231594,12.115275,79.0987,GP Office,2,4119
TAMIL NADU,33,TIRUVANNAMALAI,608,KALASAPAKKAM,6409,kappalur,231175,12.454867,79.098046,GP Office,2,5950
TAMILNADU,33,TIRUVANNAMALAI,608,TIRUVANNAMALAI,6417,so.kilnachitapattu,231590,12.23721,79.09724,GP Office,2,9384
TAMIL NADU,33,TIRUVANNAMALAI,608,POLUR,6412,ananthapuram,231307,12.684971,79.096831,GP Office,2,2456
TAMILNADU,33,TIRUVANNAMALAI,608,TIRUVANNAMALAI,6417,udayandal,231602,12.176087,79.094155,GP Office,2,1430
TAMILNADU,33,TIRUVANNAMALAI,608,THURINJAPURAM,6416,kariyandal,231500,12.376729,79.093579,GP Office,2,768
TAMIL NADU,33,TIRUVANNAMALAI,608,KALASAPAKKAM,6409,pillur,231193,12.431113,79.092035,GP Office,2,1157
TAMIL NADU,33,TIRUVANNAMALAI,608,POLUR,6412,mambattu,231326,12.513009,79.091511,GP Office,2,3757
TAMIL NADU,33,TIRUVANNAMALAI,608,POLUR,6412,eluvambadi,231310,12.510191,79.090225,GP Office,2,1162
TAMILNADU,33,TIRUVANNAMALAI,608,TIRUVANNAMALAI,6417,nochimalai,231580,12.241679,79.089874,GP Office,2,7080
TAMILNADU,33,TIRUVANNAMALAI,608,TIRUVANNAMALAI,6417,devanur,231553,12.033744,79.089761,GP Office,2,3161
TAMILNADU,33,TIRUVANNAMALAI,608,TIRUVANNAMALAI,6417,vadaandapattu,231534,12.272079,79.087528,GP Office,2,512
TAMILNADU,33,TIRUVANNAMALAI,608,THURINJAPURAM,6416,sadayanodai,231524,12.28756,79.087148,GP Office,2,1162
TAMILNADU,33,TIRUVANNAMALAI,608,TIRUVANNAMALAI,6417,thenmathur,231601,12.181587,79.086701,GP Office,2,1157
TAMIL NADU,33,TIRUVANNAMALAI,608,POLUR,6412,tirusoor,231341,12.495123,79.086582,GP Office,2,2255
TAMILNADU,33,TIRUVANNAMALAI,608,THURINJAPURAM,6416,thurinjapuram,231529,12.322274,79.086314,GP Office,2,1187
TAMILNADU,33,TIRUVANNAMALAI,608,TIRUVANNAMALAI,6417,thatchampattu,231600,12.094681,79.084114,GP Office,2,2577
TAMILNADU,33,TIRUVANNAMALAI,608,THURINJAPURAM,6416,mallavadi,231511,12.329136,79.084103,GP Office,2,4727
TAMILNADU,33,TIRUVANNAMALAI,608,THURINJAPURAM,6416,vadapuzudiyur,231535,12.395061,79.083664,GP Office,2,1162
TAMIL NADU,33,TIRUVANNAMALAI,608,KALASAPAKKAM,6409,poondi,231194,12.429833,79.08261,GP Office,2,2999
TAMIL NADU,33,TIRUVANNAMALAI,608,POLUR,6412,thindivanam,231339,12.537017,79.081923,GP Office,2,2315
TAMILNADU,33,TIRUVANNAMALAI,608,TIRUVANNAMALAI,6417,melthikkan,231569,12.213949,79.080238,GP Office,2,5898
TAMILNADU,33,TIRUVANNAMALAI,608,TIRUVANNAMALAI,6417,kattampoondi,231562,12.121223,79.079344,GP Office,2,2999
TAMILNADU,33,TIRUVANNAMALAI,608,THURINJAPURAM,6416,durgainammiyandal,231495,12.282491,79.078904,GP Office,2,768
TAMILNADU,33,TIRUVANNAMALAI,608,THURINJAPURAM,6416,maruthuvambadi,231513,12.377074,79.078152,GP Office,2,2732
TAMIL NADU,33,TIRUVANNAMALAI,608,KALASAPAKKAM,6409,vanniyanur,231202,12.45133,79.078094,GP Office,2,890
TAMILNADU,33,TIRUVANNAMALAI,608,TIRUVANNAMALAI,6417,allikondapattu,231542,12.09043,79.076529,GP Office,2,20318
TAMILNADU,33,TIRUVANNAMALAI,608,THURINJAPURAM,6416,pudumallavadi,231522,12.326339,79.07354,GP Office,2,6351
TAMILNADU,33,TIRUVANNAMALAI,608,THURINJAPURAM,6416,usampadi,231530,12.315433,79.073336,GP Office,2,6545
TAMIL NADU,33,TIRUVANNAMALAI,608,POLUR,6412,edapirai,231309,12.493617,79.072878,GP Office,2,7534
TAMIL NADU,33,TIRUVANNAMALAI,608,KALASAPAKKAM,6409,palankoil,231190,12.430355,79.071983,GP Office,2,7756
TAMILNADU,33,TIRUVANNAMALAI,608,THURINJAPURAM,6416,northampoondi,231518,12.408408,79.069878,GP Office,2,2999
TAMILNADU,33,TIRUVANNAMALAI,608,TIRUVANNAMALAI,6417,navampattu,231579,12.072291,79.069199,GP Office,2,4853
TAMILNADU,33,TIRUVANNAMALAI,608,TIRUVANNAMALAI,6417,vengikkal,231604,12.264572,79.069054,GP Office,2,7080
TAMILNADU,33,TIRUVANNAMALAI,608,TIRUVANNAMALAI,6417,thalayampallam,231598,12.106113,79.066476,GP Office,2,1519
TAMILNADU,33,TIRUVANNAMALAI,608,TIRUVANNAMALAI,6417,pavupattu,231586,12.121507,79.065341,GP Office,2,3633
TAMILNADU,33,TIRUVANNAMALAI,608,TIRUVANNAMALAI,6417,kilkachirapattu,231564,12.178302,79.065287,GP Office,2,9384
TAMILNADU,33,TIRUVANNAMALAI,608,TIRUVANNAMALAI,6417,nariyapattu,231578,12.109872,79.065251,GP Office,2,2536
TAMILNADU,33,TIRUVANNAMALAI,608,THURINJAPURAM,6416,seelappandal,231527,12.319821,79.063508,GP Office,2,5012
TAMIL NADU,33,TIRUVANNAMALAI,608,KALASAPAKKAM,6409,mottur,231188,12.440578,79.062938,GP Office,2,1430
TAMILNADU,33,TIRUVANNAMALAI,608,THURINJAPURAM,6416,karunthuvambadi,231503,12.331423,79.062608,GP Office,2,2732
TAMILNADU,33,TIRUVANNAMALAI,608,TIRUVANNAMALAI,6417,velaiyambakkam,231603,12.05406,79.059701,GP Office,2,4393
TAMILNADU,33,TIRUVANNAMALAI,608,THURINJAPURAM,6416,inamkariyandal,231497,12.295685,79.056785,GP Office,2,4384
TAMILNADU,33,TIRUVANNAMALAI,608,TIRUVANNAMALAI,6417,savalpoondi,231589,12.204059,79.056765,GP Office,2,2999
TAMILNADU,33,TIRUVANNAMALAI,608,TIRUVANNAMALAI,6417,melkachirapattu,231571,12.176421,79.056746,GP Office,2,9384
TAMILNADU,33,TIRUVANNAMALAI,608,TIRUVANNAMALAI,6417,parayampattu,231584,12.121478,79.056607,GP Office,2,3961
TAMILNADU,33,TIRUVANNAMALAI,608,TIRUVANNAMALAI,6417,kallottu,231558,12.060531,79.056022,GP Office,2,1527
TAMILNADU,33,TIRUVANNAMALAI,608,TIRUVANNAMALAI,6417,nallavanpalayam,231576,12.214166,79.055763,GP Office,2,4384
TAMIL NADU,33,TIRUVANNAMALAI,608,KALASAPAKKAM,6409,elathur,231166,12.430186,79.054645,GP Office,2,2318
TAMILNADU,33,TIRUVANNAMALAI,608,THURINJAPURAM,6416,devanampattu,231494,12.381673,79.054418,GP Office,2,1021
TAMILNADU,33,TIRUVANNAMALAI,608,THURINJAPURAM,6416,mutharasampoondi,231515,12.403064,79.052334,GP Office,2,2999
TAMILNADU,33,TIRUVANNAMALAI,608,THURINJAPURAM,6416,kolakkaravadi,231505,12.332192,79.046599,GP Office,2,13192
TAMILNADU,33,TIRUVANNAMALAI,608,TIRUVANNAMALAI,6417,adaiyur,231539,12.266598,79.046367,GP Office,2,3544
TAMILNADU,33,TIRUVANNAMALAI,608,THURINJAPURAM,6416,uthirampoondi,231531,12.38021,79.045242,GP Office,2,2315
TAMIL NADU,33,TIRUVANNAMALAI,608,KALASAPAKKAM,6409,melvilvarayanallur,231187,12.448002,79.044776,GP Office,2,12448
TAMILNADU,33,TIRUVANNAMALAI,608,TIRUVANNAMALAI,6417,nachanandal,231573,12.147478,79.044138,GP Office,2,4384
TAMIL NADU,33,TIRUVANNAMALAI,608,KALASAPAKKAM,6409,melarani,231185,12.449801,79.042897,GP Office,2,4352
TAMIL NADU,33,TIRUVANNAMALAI,608,KALASAPAKKAM,6409,sholavaram,231197,12.43318,79.042482,GP Office,2,327
TAMILNADU,33,TIRUVANNAMALAI,608,TIRUVANNAMALAI,6417,palayanur,231581,12.06816,79.041776,GP Office,2,1446
TAMILNADU,33,TIRUVANNAMALAI,608,TIRUVANNAMALAI,6417,adiannamalai,231540,12.253952,79.041136,GP Office,2,1162
TAMIL NADU,33,TIRUVANNAMALAI,608,KALASAPAKKAM,6409,kilpotharai,231180,12.413819,79.037678,GP Office,2,5233
TAMIL NADU,33,TIRUVANNAMALAI,608,KALASAPAKKAM,6409,sengaputheri,231196,12.4624,79.035783,GP Office,2,7534
TAMILNADU,33,TIRUVANNAMALAI,608,THURINJAPURAM,6416,periyakilambadi,231520,12.386777,79.033893,GP Office,2,5012
TAMILNADU,33,TIRUVANNAMALAI,608,TIRUVANNAMALAI,6417,anaipirandan,231543,12.222633,79.033781,GP Office,2,2212
TAMILNADU,33,TIRUVANNAMALAI,608,TIRUVANNAMALAI,6417,kiltechipattu,231563,12.18871,79.033738,GP Office,2,9384
TAMILNADU,33,TIRUVANNAMALAI,608,THURINJAPURAM,6416,meppathurai,231514,12.411259,79.033167,GP Office,2,12448
TAMILNADU,33,TIRUVANNAMALAI,608,TIRUVANNAMALAI,6417,meyyur,231572,12.171668,79.032698,GP Office,2,1430
TAMILNADU,33,TIRUVANNAMALAI,608,TIRUVANNAMALAI,6417,kandiyangkuppam,231559,12.050049,79.032365,GP Office,2,3605
TAMIL NADU,33,TIRUVANNAMALAI,608,KALASAPAKKAM,6409,ernamangalam,231167,12.440586,79.031859,GP Office,2,311
TAMILNADU,33,TIRUVANNAMALAI,608,TIRUVANNAMALAI,6417,devanandal,231552,12.268134,79.030524,GP Office,2,3161
TAMILNADU,33,TIRUVANNAMALAI,608,TIRUVANNAMALAI,6417,melchettipattu,231570,12.190962,79.029602,GP Office,2,4350
TAMILNADU,33,TIRUVANNAMALAI,608,TIRUVANNAMALAI,6417,kangiyanur,233406,12.086979,79.02847,GP Office,2,5950
TAMIL NADU,33,TIRUVANNAMALAI,608,THANDRAMPET,6414,vargur,231428,12.134754,79.027971,GP Office,2,2377
TAMILNADU,33,TIRUVANNAMALAI,608,TIRUVANNAMALAI,6417,athiyandal,231548,12.228508,79.026665,GP Office,2,2315
TAMILNADU,33,TIRUVANNAMALAI,608,TIRUVANNAMALAI,6417,viswanthangal,231607,12.183289,79.024443,GP Office,2,4437
TAMILNADU,33,TIRUVANNAMALAI,608,TIRUVANNAMALAI,6417,kandampoondi,231560,12.214482,79.023451,GP Office,2,2999
TAMIL NADU,33,TIRUVANNAMALAI,608,THANDRAMPET,6414,athipadi,231386,12.078226,79.022109,GP Office,2,2577
TAMIL NADU,33,TIRUVANNAMALAI,608,PUDUPALAYAM,6413,eraiyur,231354,12.363149,79.021564,GP Office,2,1157
TAMIL NADU,33,TIRUVANNAMALAI,608,THANDRAMPET,6414,vanapuram,231427,12.109276,79.020367,GP Office,2,3856
TAMIL NADU,33,TIRUVANNAMALAI,608,KALASAPAKKAM,6409,siruvallur,231199,12.462455,79.018795,GP Office,2,10066
TAMIL NADU,33,TIRUVANNAMALAI,608,THANDRAMPET,6414,peryampattu,231408,12.08002,79.018306,GP Office,2,3757
TAMIL NADU,33,TIRUVANNAMALAI,608,THANDRAMPET,6414,kampattu,231391,12.128659,79.018093,GP Office,2,4104
TAMIL NADU,33,TIRUVANNAMALAI,608,PUDUPALAYAM,6413,dhamaraippakkam,231353,12.334992,79.01761,GP Office,2,4384
TAMIL NADU,33,TIRUVANNAMALAI,608,KALASAPAKKAM,6409,arunagirimangalam,231164,12.442006,79.01682,GP Office,2,311
TAMIL NADU,33,TIRUVANNAMALAI,608,PUDUPALAYAM,6413,gulalpadi,231355,12.367459,79.014796,GP Office,2,5012
TAMILNADU,33,TIRUVANNAMALAI,608,TIRUVANNAMALAI,6417,ayyampalayam,231549,12.234098,79.014778,GP Office,2,1519
TAMIL NADU,33,TIRUVANNAMALAI,608,KALASAPAKKAM,6409,koilmathimangalam,231181,12.427102,79.013909,GP Office,2,5233
TAMIL NADU,33,TIRUVANNAMALAI,608,KALASAPAKKAM,6409,then magadevamangalam,231200,12.432822,79.013585,GP Office,2,3670
TAMILNADU,33,TIRUVANNAMALAI,608,TIRUVANNAMALAI,6417,pandithapattu,231584,12.211679,79.011774,GP Office,2,3633
TAMIL NADU,33,TIRUVANNAMALAI,608,THANDRAMPET,6414,kilsirupakkam,231394,12.181283,79.009058,GP Office,2,5898
TAMIL NADU,33,TIRUVANNAMALAI,608,KALASAPAKKAM,6409,kidampalayam,231177,12.493221,79.006248,GP Office,2,4431
TAMIL NADU,33,TIRUVANNAMALAI,608,PUDUPALAYAM,6413,japthikariyandal,231356,12.372456,79.004888,GP Office,2,2315
TAMIL NADU,33,TIRUVANNAMALAI,608,PUDUPALAYAM,6413,veeranandal,231383,12.339057,79.002824,GP Office,2,1602
TAMIL NADU,33,TIRUVANNAMALAI,608,THANDRAMPET,6414,perunduraipattu,231406,12.078966,79.002614,GP Office,2,7796
TAMIL NADU,33,TIRUVANNAMALAI,608,PUDUPALAYAM,6413,alliyandal,231347,12.336716,79.001984,GP Office,2,9842
TAMIL NADU,33,TIRUVANNAMALAI,608,THANDRAMPET,6414,thenkarimbalur,231423,12.096294,79.000646,GP Office,2,1157
TAMIL NADU,33,TIRUVANNAMALAI,608,THANDRAMPET,6414,kottaiyur,231397,12.089007,78.997827,GP Office,2,4099
TAMIL NADU,33,TIRUVANNAMALAI,608,THANDRAMPET,6414,serppapattu,231418,12.12961,78.996425,GP Office,2,961
TAMIL NADU,33,TIRUVANNAMALAI,608,PUDUPALAYAM,6413,karappattu,231359,12.408191,78.996087,GP Office,2,1617
TAMIL NADU,33,TIRUVANNAMALAI,608,KALASAPAKKAM,6409,kettavarampalayam,231176,12.473249,78.995394,GP Office,2,1430
TAMIL NADU,33,TIRUVANNAMALAI,608,THANDRAMPET,6414,se.cudalur,231417,12.134497,78.994909,GP Office,2,8871
TAMIL NADU,33,TIRUVANNAMALAI,608,CHENGAM,6405,perumbakkam,231033,12.220819,78.993926,GP Office,2,5232
TAMIL NADU,33,TIRUVANNAMALAI,608,CHENGAM,6405,che. agaram,231039,12.227364,78.992927,GP Office,2,11173
TAMIL NADU,33,TIRUVANNAMALAI,608,CHENGAM,6405,puliyampatti,231030,12.267358,78.992495,GP Office,2,3243
TAMIL NADU,33,TIRUVANNAMALAI,608,KALASAPAKKAM,6409,adamangalam,231160,12.477176,78.989872,GP Office,2,311
TAMIL NADU,33,TIRUVANNAMALAI,608,PUDUPALAYAM,6413,kallaraipadi,231357,12.374045,78.989095,GP Office,2,5046
TAMIL NADU,33,TIRUVANNAMALAI,608,CHENGAM,6405,aswanagasuranai,231009,12.241176,78.988231,GP Office,2,919
TAMIL NADU,33,TIRUVANNAMALAI,608,KALASAPAKKAM,6409,gengavaram,231169,12.488087,78.988136,GP Office,2,2662
TAMIL NADU,33,TIRUVANNAMALAI,608,KALASAPAKKAM,6409,gengalamadevi,231168,12.467078,78.986459,GP Office,2,4393
TAMIL NADU,33,TIRUVANNAMALAI,608,PUDUPALAYAM,6413,amarnathapudur,231348,12.341203,78.986119,GP Office,2,6535
TAMIL NADU,33,TIRUVANNAMALAI,608,KALASAPAKKAM,6409,venkatampalayam,231204,12.478165,78.985571,GP Office,2,1314
TAMIL NADU,33,TIRUVANNAMALAI,608,PUDUPALAYAM,6413,c.gengampattu,231350,12.320028,78.984055,GP Office,2,8211
TAMIL NADU,33,TIRUVANNAMALAI,608,PUDUPALAYAM,6413,c.nammiyandal,231351,12.314148,78.979131,GP Office,2,4384
TAMIL NADU,33,TIRUVANNAMALAI,608,CHENGAM,6405,chinnakolapadi,231012,12.257944,78.979049,GP Office,2,2679
TAMIL NADU,33,TIRUVANNAMALAI,608,CHENGAM,6405,periyakolapadi,231032,12.250236,78.97528,GP Office,2,5012
TAMIL NADU,33,TIRUVANNAMALAI,608,PUDUPALAYAM,6413,kilpadur,231360,12.394877,78.974236,GP Office,2,5950
TAMIL NADU,33,TIRUVANNAMALAI,608,THANDRAMPET,6414,sadakuppam,231414,12.074208,78.972387,GP Office,2,3605
TAMIL NADU,33,TIRUVANNAMALAI,608,KALASAPAKKAM,6409,kanthapalayam,231174,12.477315,78.970647,GP Office,2,4431
TAMIL NADU,33,TIRUVANNAMALAI,608,KALASAPAKKAM,6409,devarayanpalayam,231165,12.482042,78.969186,GP Office,2,3109
TAMIL NADU,33,TIRUVANNAMALAI,608,THANDRAMPET,6414,radhapuram,231411,12.160067,78.968374,GP Office,2,3536
TAMIL NADU,33,TIRUVANNAMALAI,608,KALASAPAKKAM,6409,kadalady,231170,12.4051,78.9679,GP Office,2,4431
TAMIL NADU,33,TIRUVANNAMALAI,608,PUDUPALAYAM,6413,devanandal,231352,12.299557,78.967688,GP Office,2,3161
TAMIL NADU,33,TIRUVANNAMALAI,608,PUDUPALAYAM,6413,vasudevanpattu,231382,12.358686,78.967383,GP Office,2,198
TAMIL NADU,33,TIRUVANNAMALAI,608,PUDUPALAYAM,6413,aritharimangalam,231349,12.337982,78.964295,GP Office,2,311
TAMIL NADU,33,TIRUVANNAMALAI,608,PUDUPALAYAM,6413,kanji,231358,12.383539,78.96338,GP Office,2,15611
TAMIL NADU,33,TIRUVANNAMALAI,608,KALASAPAKKAM,6409,singaravady,231198,12.395402,78.96296,GP Office,2,198
TAMIL NADU,33,TIRUVANNAMALAI,608,THANDRAMPET,6414,kilavanakkampadi,231393,12.186603,78.960634,GP Office,2,512
TAMIL NADU,33,TIRUVANNAMALAI,608,THANDRAMPET,6414,agarampallipet,231384,12.087309,78.959371,GP Office,2,3757
TAMIL NADU,33,TIRUVANNAMALAI,608,THANDRAMPET,6414,thanipadi,231421,12.083945,78.954712,GP Office,2,1162
TAMIL NADU,33,TIRUVANNAMALAI,608,CHENGAM,6405,kannkurukkai,231014,12.263071,78.951238,GP Office,2,6489
TAMIL NADU,33,TIRUVANNAMALAI,608,THANDRAMPET,6414,thenmudiyanoor,231424,12.128409,78.950942,GP Office,2,1071
TAMIL NADU,33,TIRUVANNAMALAI,608,THANDRAMPET,6414,nedungavadi,231404,12.230362,78.94943,GP Office,2,4853
TAMIL NADU,33,TIRUVANNAMALAI,608,THANDRAMPET,6414,thandrampattu,231420,12.153538,78.947755,GP Office,2,7891
TAMIL NADU,33,TIRUVANNAMALAI,608,KALASAPAKKAM,6409,kilpalur,231179,12.39219,78.945689,GP Office,2,5950
TAMIL NADU,33,TIRUVANNAMALAI,608,CHENGAM,6405,beemanandal,231010,12.240327,78.944373,GP Office,2,20318
TAMIL NADU,33,TIRUVANNAMALAI,608,CHENGAM,6405,pachal,231028,12.26942,78.943872,GP Office,2,319
TAMIL NADU,33,TIRUVANNAMALAI,608,KALASAPAKKAM,6409,veeralur,231203,12.465523,78.942903,GP Office,2,1602
TAMIL NADU,33,TIRUVANNAMALAI,608,KALASAPAKKAM,6409,mel sholankuppam,231184,12.466027,78.942901,GP Office,2,4259
TAMIL NADU,33,TIRUVANNAMALAI,608,KALASAPAKKAM,6409,pattiyandal,231192,12.441224,78.941719,GP Office,2,2315
TAMIL NADU,33,TIRUVANNAMALAI,608,PUDUPALAYAM,6413,korattampattu,231361,12.370498,78.940267,GP Office,2,512
TAMIL NADU,33,TIRUVANNAMALAI,608,THANDRAMPET,6414,kannakandal,231392,12.219344,78.939077,GP Office,2,3605
TAMIL NADU,33,TIRUVANNAMALAI,608,KALASAPAKKAM,6409,melpalur,231186,12.39121,78.93898,GP Office,2,13143
TAMIL NADU,33,TIRUVANNAMALAI,608,PUDUPALAYAM,6413,padiagraharam,231374,12.313823,78.937648,GP Office,2,2662
TAMIL NADU,33,TIRUVANNAMALAI,608,PUDUPALAYAM,6413,pudurchengam,231377,12.340955,78.937131,GP Office,2,11173
TAMIL NADU,33,TIRUVANNAMALAI,608,THANDRAMPET,6414,allappanoor,231385,12.101298,78.936402,GP Office,2,2255
TAMIL NADU,33,TIRUVANNAMALAI,608,THANDRAMPET,6414,elayankanni,231390,12.047844,78.935425,GP Office,2,7534
TAMIL NADU,33,TIRUVANNAMALAI,608,THANDRAMPET,6414,tharadapattu,231422,12.208056,78.934405,GP Office,2,512
TAMIL NADU,33,TIRUVANNAMALAI,608,PUDUPALAYAM,6413,thorapadi,231378,12.350972,78.932599,GP Office,2,9384
TAMIL NADU,33,TIRUVANNAMALAI,608,PUDUPALAYAM,6413,panaiolaipadi,231375,12.321419,78.932239,GP Office,2,20318
TAMIL NADU,33,TIRUVANNAMALAI,608,THANDRAMPET,6414,rayandapuram,231412,12.092005,78.93129,GP Office,2,3536
TAMIL NADU,33,TIRUVANNAMALAI,608,PUDUPALAYAM,6413,kottakulam,231362,12.381307,78.931288,GP Office,2,7891
TAMIL NADU,33,TIRUVANNAMALAI,608,CHENGAM,6405,vinnavanoor,231046,12.260765,78.929583,GP Office,2,6819
TAMIL NADU,33,TIRUVANNAMALAI,608,PUDUPALAYAM,6413,unnamalaipalayam,231379,12.33637,78.928576,GP Office,2,4384
TAMIL NADU,33,TIRUVANNAMALAI,608,KALASAPAKKAM,6409,mattavettu,231183,12.391865,78.92531,GP Office,2,961
TAMIL NADU,33,TIRUVANNAMALAI,608,THANDRAMPET,6414,edathanoor,231389,12.113266,78.91905,GP Office,2,2255
TAMIL NADU,33,TIRUVANNAMALAI,608,THANDRAMPET,6414,perungulathur,231407,12.042632,78.918627,GP Office,2,12448
TAMIL NADU,33,TIRUVANNAMALAI,608,THANDRAMPET,6414,thiruvadathanur,231425,12.105781,78.917008,GP Office,2,5282
TAMIL NADU,33,TIRUVANNAMALAI,608,THANDRAMPET,6414,puthur chekkadi,231410,12.0975,78.916815,GP Office,2,11173
TAMIL NADU,33,TIRUVANNAMALAI,608,PUDUPALAYAM,6413,periyari,231376,12.314312,78.915538,GP Office,2,5012
TAMIL NADU,33,TIRUVANNAMALAI,608,THANDRAMPET,6414,kolamanjanur,231395,12.145676,78.9128,GP Office,2,1391
TAMIL NADU,33,TIRUVANNAMALAI,608,CHENGAM,6405,uchimalaikuppam,231044,12.256419,78.910833,GP Office,2,4384
TAMIL NADU,33,TIRUVANNAMALAI,608,THANDRAMPET,6414,melkarippoor,231400,12.229845,78.910301,GP Office,2,4352
TAMIL NADU,33,TIRUVANNAMALAI,608,THANDRAMPET,6414,veeranam,231429,12.19468,78.906798,GP Office,2,11037
TAMIL NADU,33,TIRUVANNAMALAI,608,PUDUPALAYAM,6413,mashar,231363,12.359504,78.905015,GP Office,2,919
TAMIL NADU,33,TIRUVANNAMALAI,608,THANDRAMPET,6414,kolundampattu,231396,12.218052,78.904867,GP Office,2,7891
TAMIL NADU,33,TIRUVANNAMALAI,608,PUDUPALAYAM,6413,vadamathur,231380,12.3462,78.903467,GP Office,2,2662
TAMIL NADU,33,TIRUVANNAMALAI,608,THANDRAMPET,6414,p.quilam,231405,12.063876,78.901006,GP Office,2,2315
TAMIL NADU,33,TIRUVANNAMALAI,608,CHENGAM,6405,muthanur,231369,12.284848,78.900279,GP Office,2,1071
TAMIL NADU,33,TIRUVANNAMALAI,608,PUDUPALAYAM,6413,munnurmangalam,231368,12.31013,78.899205,GP Office,2,311
TAMIL NADU,33,TIRUVANNAMALAI,608,KALASAPAKKAM,6409,kilkuppam,231178,12.383947,78.89614,GP Office,2,238
TAMIL NADU,33,TIRUVANNAMALAI,608,THANDRAMPET,6414,sathanoor,231415,12.206391,78.889248,GP Office,2,2255
TAMIL NADU,33,TIRUVANNAMALAI,608,CHENGAM,6405,melpennathur,231023,12.25791,78.885827,GP Office,2,12448
TAMIL NADU,33,TIRUVANNAMALAI,608,PUDUPALAYAM,6413,narasinganallur,231372,12.299829,78.884086,GP Office,2,3549
TAMIL NADU,33,TIRUVANNAMALAI,608,PUDUPALAYAM,6413,melpadur,231367,12.333009,78.881934,GP Office,2,3248
TAMIL NADU,33,TIRUVANNAMALAI,608,PUDUPALAYAM,6413,vaividanthangal,231381,12.36296,78.87647,GP Office,2,1162
TAMIL NADU,33,TIRUVANNAMALAI,608,THANDRAMPET,6414,melamanjanur,231399,12.125754,78.872307,GP Office,2,1391
TAMIL NADU,33,TIRUVANNAMALAI,608,THANDRAMPET,6414,narayanakuppam,231403,12.097119,78.87166,GP Office,2,3605
TAMIL NADU,33,TIRUVANNAMALAI,608,CHENGAM,6405,che. sorpanandal,231041,12.23962,78.871398,GP Office,2,2315
TAMIL NADU,33,TIRUVANNAMALAI,608,PUDUPALAYAM,6413,melnachippattu,231366,12.330612,78.869049,GP Office,2,2353
TAMIL NADU,33,TIRUVANNAMALAI,608,PUDUPALAYAM,6413,nayampadi,231371,12.309961,78.867728,GP Office,2,1162
TAMIL NADU,33,TIRUVANNAMALAI,608,PUDUPALAYAM,6413,melapunjai,231364,12.336012,78.856458,GP Office,2,7534
TAMIL NADU,33,TIRUVANNAMALAI,608,THANDRAMPET,6414,bondai,231387,12.09177,78.855902,GP Office,2,3633
TAMIL NADU,33,TIRUVANNAMALAI,608,PUDUPALAYAM,6413,nagapadi,231370,12.2841,78.847296,GP Office,2,3264
TAMIL NADU,33,TIRUVANNAMALAI,608,CHENGAM,6405,kariyamangalam,231015,12.283846,78.84086,GP Office,2,311
TAMIL NADU,33,TIRUVANNAMALAI,608,THANDRAMPET,6414,t.velur,231419,12.117695,78.838689,GP Office,2,1157
TAMIL NADU,33,TIRUVANNAMALAI,608,PUDUPALAYAM,6413,oravandhavadi,231373,12.317573,78.83764,GP Office,2,512
TAMIL NADU,33,TIRUVANNAMALAI,608,THANDRAMPET,6414,se.andapattu,231416,12.110831,78.835779,GP Office,2,7618
TAMIL NADU,33,TIRUVANNAMALAI,608,CHENGAM,6405,ariyakunjur,231008,12.222303,78.834599,GP Office,2,890
TAMIL NADU,33,TIRUVANNAMALAI,608,PUDUPALAYAM,6413,melmudiyanur,231365,12.338461,78.832793,GP Office,2,1430
TAMIL NADU,33,TIRUVANNAMALAI,608,THANDRAMPET,6414,thondamanur,231426,12.107161,78.83207,GP Office,2,1157
TAMIL NADU,33,TIRUVANNAMALAI,608,THANDRAMPET,6414,pudur chekkadi,231409,12.043749,78.827594,GP Office,2,5012
TAMIL NADU,33,TIRUVANNAMALAI,608,CHENGAM,6405,che. nachipattu,231040,12.301054,78.824383,GP Office,2,4350
TAMIL NADU,33,TIRUVANNAMALAI,608,CHENGAM,6405,anvarabath,231006,12.339192,78.823,GP Office,2,512
TAMIL NADU,33,TIRUVANNAMALAI,608,THANDRAMPET,6414,veppurchekkadi,231430,12.156058,78.817783,GP Office,2,2999
TAMIL NADU,33,TIRUVANNAMALAI,608,CHENGAM,6405,manmalai,231020,12.299055,78.814503,GP Office,2,1740
TAMIL NADU,33,TIRUVANNAMALAI,608,THANDRAMPET,6414,chiniyampettai,231388,12.091222,78.81354,GP Office,2,8211
TAMIL NADU,33,TIRUVANNAMALAI,608,CHENGAM,6405,pinjur,231034,12.257439,78.80532,GP Office,2,989
TAMIL NADU,33,TIRUVANNAMALAI,608,CHENGAM,6405,quilam,231038,12.341463,78.800074,GP Office,2,5385
TAMIL NADU,33,TIRUVANNAMALAI,608,CHENGAM,6405,arattavadi,231007,12.231854,78.799154,GP Office,2,5012
TAMIL NADU,33,TIRUVANNAMALAI,608,THANDRAMPET,6414,reddiyapalayam,231413,12.092731,78.790825,GP Office,2,1430
TAMIL NADU,33,TIRUVANNAMALAI,608,CHENGAM,6405,alaputhur,231003,12.344175,78.790334,GP Office,2,2318
TAMIL NADU,33,TIRUVANNAMALAI,608,CHENGAM,6405,thalaiyouthu,231042,12.213606,78.788111,GP Office,2,1157
TAMIL NADU,33,TIRUVANNAMALAI,608,CHENGAM,6405,porasapattu,231035,12.23779,78.784732,GP Office,2,512
TAMIL NADU,33,TIRUVANNAMALAI,608,CHENGAM,6405,kayambattu,231017,12.306075,78.775006,GP Office,2,3757
TAMIL NADU,33,TIRUVANNAMALAI,608,CHENGAM,6405,melpulidiyur,231024,12.288226,78.773238,GP Office,2,1157
TAMIL NADU,33,TIRUVANNAMALAI,608,THANDRAMPET,6414,mothakkal,231402,12.086151,78.772933,GP Office,2,5385
TAMIL NADU,33,TIRUVANNAMALAI,608,CHENGAM,6405,pudupattu,231036,12.355145,78.769784,GP Office,2,3633
TAMIL NADU,33,TIRUVANNAMALAI,608,CHENGAM,6405,paramanandal,231031,12.357328,78.767004,GP Office,2,9515
TAMIL NADU,33,TIRUVANNAMALAI,608,CHENGAM,6405,kuppanatham,231019,12.389895,78.766021,GP Office,2,238
TAMIL NADU,33,TIRUVANNAMALAI,608,CHENGAM,6405,pakkiripalayam,231029,12.28508,78.764662,GP Office,2,823
TAMIL NADU,33,TIRUVANNAMALAI,608,CHENGAM,6405,kottavoor,231018,12.37816,78.762681,GP Office,2,512
TAMIL NADU,33,TIRUVANNAMALAI,608,CHENGAM,6405,valayambattu,231045,12.319794,78.759946,GP Office,2,4393
TAMIL NADU,33,TIRUVANNAMALAI,608,CHENGAM,6405,theethandapattu,231043,12.341309,78.756027,GP Office,2,7891
TAMIL NADU,33,TIRUVANNAMALAI,608,CHENGAM,6405,anthanur,231005,12.279127,78.754659,GP Office,2,2456
TAMIL NADU,33,TIRUVANNAMALAI,608,CHENGAM,6405,chennasamuthiram,231011,12.308318,78.748903,GP Office,2,1187
TAMIL NADU,33,TIRUVANNAMALAI,608,CHENGAM,6405,melvanakkambadi,231026,12.245929,78.747901,GP Office,2,1162
TAMIL NADU,33,TIRUVANNAMALAI,608,THANDRAMPET,6414,melpachar,231401,12.104793,78.743281,GP Office,2,2662
TAMIL NADU,33,TIRUVANNAMALAI,608,CHENGAM,6405,andipatti,231004,12.221213,78.73895,GP Office,2,5987
TAMIL NADU,33,TIRUVANNAMALAI,608,CHENGAM,6405,melpallipattu,231022,12.265011,78.738558,GP Office,2,662
TAMIL NADU,33,TIRUVANNAMALAI,608,THANDRAMPET,6414,malayanoor chekkadi,231398,12.085366,78.734462,GP Office,2,4393
TAMIL NADU,33,TIRUVANNAMALAI,608,CHENGAM,6405,paliyapattu,231037,12.167105,78.720654,GP Office,2,3243
TAMIL NADU,33,TIRUVANNAMALAI,608,CHENGAM,6405,melravanthavadi,231025,12.205411,78.704587,GP Office,2,1162
TAMIL NADU,33,TIRUVANNAMALAI,608,CHENGAM,6405,melchengam,231021,12.265408,78.688625,GP Office,2,9515
TAMIL NADU,33,TIRUVANNAMALAI,608,CHENGAM,6405,elangunni,231013,12.135911,78.679069,GP Office,2,3161
TAMIL NADU,33,TIRUVANNAMALAI,608,CHENGAM,6405,kattamaduvu,231016,12.216154,78.66992,GP Office,2,961
TAMIL NADU,33,TIRUVANNAMALAI,608,CHENGAM,6405,neepathurai,231027,12.162174,78.647852,GP Office,2,5233
