State_Name,State Code,District_Name,District_Code,Block_Name,Block_Code,GP Name,GP Code,Latitude,Longitude,Location_OF_GP,Phase,population
GUJARAT,24,SURENDRANAGAR,475,CHOTILA,4247,bhetsuda,165767,22.131801,71.140112,Bhetsuda,2,1583
GUJARAT,24,SURENDRANAGAR,475,CHOTILA,4247,pipaliya (dhokalva),165827,22.146118,71.160701,Pipaliya (Dhokalva),2,1558
GUJARAT,24,SURENDRANAGAR,475,CHOTILA,4247,vadali,165850,22.174757,71.176483,Vadali,2,1576
GUJARAT,24,SURENDRANAGAR,475,CHOTILA,4247,dharaie,165778,22.18271,71.27882,Dharaie,2,2762
GUJARAT,24,SURENDRANAGAR,475,CHOTILA,4247,golida,165784,22.199092,71.181055,Golida,2,1790
GUJARAT,24,SURENDRANAGAR,475,CHOTILA,4247,monpar,165810,22.201592,71.160057,Monpar,2,869
GUJARAT,24,SURENDRANAGAR,475,CHOTILA,4247,dhokalva,165779,22.20363,71.24661,Dhokalva,2,4369
GUJARAT,24,SURENDRANAGAR,475,CHOTILA,4247,devpara (anandpur),165776,22.220369,71.184168,Devpara (Anandpur),2,1124
GUJARAT,24,SURENDRANAGAR,475,CHOTILA,4247,kanthariya,165794,22.221719,71.137297,Kanthariya,2,1756
GUJARAT,24,SURENDRANAGAR,475,CHOTILA,4247,anandpur (bhadla),165763,22.226167,71.168253,Anandpur (Bhadla),2,2421
GUJARAT,24,SURENDRANAGAR,475,CHOTILA,4247,sakhpar,165838,22.236944,71.179824,Sakhpar,2,641
GUJARAT,24,SURENDRANAGAR,475,CHOTILA,4247,ankadiya,165765,22.237614,71.128482,Ankadiya,2,569
GUJARAT,24,SURENDRANAGAR,475,CHOTILA,4247,tajpar,165846,22.237694,71.1713,Tajpar,2,900
GUJARAT,24,SURENDRANAGAR,475,CHOTILA,4247,parabdi,165825,22.237987,71.198852,Parabdi,2,770
GUJARAT,24,SURENDRANAGAR,475,CHOTILA,4247,jevapar,88888,22.242717,71.150375,Jevapar,2,1502
GUJARAT,24,SURENDRANAGAR,475,SAYLA,4255,samadhiyala,166316,22.252873,71.410777,Samadhiyala,2,2013
GUJARAT,24,SURENDRANAGAR,475,CHOTILA,4247,rampara (chobari),165831,22.260302,71.228935,Rampara (Chobari),2,3666
GUJARAT,24,SURENDRANAGAR,475,CHOTILA,4247,chobari,165773,22.26093,71.207245,Chobari,2,2253
GUJARAT,24,SURENDRANAGAR,475,CHOTILA,4247,chiroda (sanosara),165772,22.264236,71.296495,Chiroda (Sanosara),2,1018
GUJARAT,24,SURENDRANAGAR,475,CHOTILA,4247,fulzar,165781,22.265798,71.085458,Fulzar,2,754
GUJARAT,24,SURENDRANAGAR,475,CHOTILA,4247,salakhda,88888,22.268228,71.077197,Salakhda,2,561
GUJARAT,24,SURENDRANAGAR,475,CHOTILA,4247,gugaliyana,165785,22.273051,71.137552,Gugaliyana,2,956
GUJARAT,24,SURENDRANAGAR,475,SAYLA,4255,goraiya,166283,22.274555,71.436064,Goraiya,2,2796
GUJARAT,24,SURENDRANAGAR,475,SAYLA,4255,gangajal,166281,22.275936,71.392004,Gangajal,2,288
GUJARAT,24,SURENDRANAGAR,475,CHOTILA,4247,bhojpara,165769,22.277469,71.15389,Bhojpara,2,1677
GUJARAT,24,SURENDRANAGAR,475,CHOTILA,4247,sukhsar,88888,22.277581,71.280128,Sukhsar,2,2026
GUJARAT,24,SURENDRANAGAR,475,CHOTILA,4247,bhojpari,88888,22.280687,71.161926,Bhojpari,2,1677
GUJARAT,24,SURENDRANAGAR,475,CHOTILA,4247,mahidad,165805,22.282851,71.186395,Mahidad,2,762
GUJARAT,24,SURENDRANAGAR,475,SAYLA,4255,nana matra,166306,22.28384,71.387416,Nana Matra,2,1555
GUJARAT,24,SURENDRANAGAR,475,CHOTILA,4247,mevasa,88888,22.292151,71.256663,Mevasa,2,987
GUJARAT,24,SURENDRANAGAR,475,SAYLA,4255,kaswali,88888,22.299959,71.404156,Kaswali,2,1304
GUJARAT,24,SURENDRANAGAR,475,CHOTILA,4247,kabran,165792,22.30001,71.139816,Kabran,2,1005
GUJARAT,24,SURENDRANAGAR,475,CHOTILA,4247,sanosara,165840,22.300154,71.22819,Sanosara,2,2440
GUJARAT,24,SURENDRANAGAR,475,CHOTILA,4247,dakvadla,165774,22.300952,71.102508,Dakvadla,2,1059
GUJARAT,24,SURENDRANAGAR,475,CHOTILA,4247,gadhechi,165782,22.301481,71.30187,Gadhechi,2,912
GUJARAT,24,SURENDRANAGAR,475,SAYLA,4255,ninama,166310,22.30266,71.338844,Ninama,2,2474
GUJARAT,24,SURENDRANAGAR,475,SAYLA,4255,nana haraniya,166305,22.307382,71.321782,Nana Haraniya,2,1199
GUJARAT,24,SURENDRANAGAR,475,CHOTILA,4247,khatadi,165796,22.307406,71.085391,Khatadi,2,1089
GUJARAT,24,SURENDRANAGAR,475,CHOTILA,4247,lakhanka,165802,22.309405,71.228949,Lakhanka,2,1712
GUJARAT,24,SURENDRANAGAR,475,CHOTILA,4247,surai,165845,22.313657,71.260045,Surai,2,1306
GUJARAT,24,SURENDRANAGAR,475,CHOTILA,4247,kherana,165797,22.31849,71.192198,Kherana,2,2983
GUJARAT,24,SURENDRANAGAR,475,CHOTILA,4247,rajpara,88888,22.32207,71.123925,Rajpara,2,672
GUJARAT,24,SURENDRANAGAR,475,CHOTILA,4247,rampara,88888,22.324176,71.08709,Rampara,2,5457
GUJARAT,24,SURENDRANAGAR,475,SAYLA,4255,kotda,166294,22.324884,71.36117,Kotda,2,1299
GUJARAT,24,SURENDRANAGAR,475,CHOTILA,4247,mota haraniya,165812,22.325512,71.299385,Mota Haraniya,2,1188
GUJARAT,24,SURENDRANAGAR,475,CHOTILA,4247,shekhaliya,165843,22.328142,71.051467,Shekhaliya,2,715
GUJARAT,24,SURENDRANAGAR,475,SAYLA,4255,garambhadi,166282,22.328637,71.429125,Garambhadi,2,1574
GUJARAT,24,SURENDRANAGAR,475,SAYLA,4255,nadala,166303,22.330588,71.468268,Nadala,2,2825
GUJARAT,24,SURENDRANAGAR,475,CHOTILA,4247,mevasa (bamanbore),165807,22.337512,71.032506,Mevasa (Bamanbore),2,987
GUJARAT,24,SURENDRANAGAR,475,CHOTILA,4247,bhimora,88888,22.337627,71.2407,Bhimora,2,1245
GUJARAT,24,SURENDRANAGAR,475,SAYLA,4255,chorvira,166270,22.340169,71.573036,Chorvira,2,2990
GUJARAT,24,SURENDRANAGAR,475,SAYLA,4255,dhinkwali,166278,22.340836,71.399939,Dhinkwali,2,1318
GUJARAT,24,SURENDRANAGAR,475,CHOTILA,4247,tramboda,165848,22.343393,71.180525,Tramboda,2,824
GUJARAT,24,SURENDRANAGAR,475,CHOTILA,4247,piyava,165829,22.343655,71.23151,Piyava,2,1933
GUJARAT,24,SURENDRANAGAR,475,SAYLA,4255,mota bhadla,166300,22.345066,71.558539,Mota Bhadla,2,2661
GUJARAT,24,SURENDRANAGAR,475,SAYLA,4255,adala,166265,22.347984,71.331179,Adala,2,107
GUJARAT,24,SURENDRANAGAR,475,CHOTILA,4247,naniyani,88888,22.35046,71.288419,Naniyani,2,1633
GUJARAT,24,SURENDRANAGAR,475,CHOTILA,4247,mokasar,165809,22.351318,71.218308,Mokasar,2,1721
GUJARAT,24,SURENDRANAGAR,475,CHOTILA,4247,reshamiya,165835,22.352377,71.169132,Reshamiya,2,2544
GUJARAT,24,SURENDRANAGAR,475,SAYLA,4255,loya,166297,22.353777,71.607988,Loya,2,1386
GUJARAT,24,SURENDRANAGAR,475,CHOTILA,4247,chiroda (rajpara),165771,22.354165,71.100113,Chiroda (Rajpara),2,2338
GUJARAT,24,SURENDRANAGAR,475,SAYLA,4255,navagam,166309,22.362711,71.366598,Navagam,2,1361
GUJARAT,24,SURENDRANAGAR,475,CHOTILA,4247,panchavada,165824,22.364632,71.211957,Panchavada,2,1581
GUJARAT,24,SURENDRANAGAR,475,CHOTILA,4247,pipaliya (bamanbore),165826,22.365654,71.0695,Pipaliya (Bamanbore),2,1147
GUJARAT,24,SURENDRANAGAR,475,SAYLA,4255,karadi,166291,22.365995,71.386882,Karadi,2,855
GUJARAT,24,SURENDRANAGAR,475,CHOTILA,4247,lakhachokiya,165800,22.366096,71.183525,Lakhachokiya,2,1011
GUJARAT,24,SURENDRANAGAR,475,SAYLA,4255,limbala,166296,22.366913,71.453116,Limbala,2,1974
GUJARAT,24,SURENDRANAGAR,475,SAYLA,4255,noli,166311,22.367302,71.506204,Noli,2,4154
GUJARAT,24,SURENDRANAGAR,475,CHUDA,4248,nagnesh,165880,22.367366,71.76362,Nagnesh,2,5715
GUJARAT,24,SURENDRANAGAR,475,CHOTILA,4247,loma kotadi,165803,22.369875,71.022552,Loma Kotadi,2,59
GUJARAT,24,SURENDRANAGAR,475,SAYLA,4255,lakhavad,166295,22.370322,71.492015,Lakhavad,2,794
GUJARAT,24,SURENDRANAGAR,475,SAYLA,4255,dhajala,166272,22.372028,71.414057,Dhajala,2,2288
GUJARAT,24,SURENDRANAGAR,475,CHOTILA,4247,akala,88888,22.373616,71.240159,Akala,2,134
GUJARAT,24,SURENDRANAGAR,475,CHOTILA,4247,kalasar,165793,22.379411,71.15256,Kalasar,2,1929
GUJARAT,24,SURENDRANAGAR,475,CHOTILA,4247,doshalighuna,165780,22.379765,71.050044,Doshalighuna,2,382
GUJARAT,24,SURENDRANAGAR,475,CHOTILA,4247,kundhada,165799,22.38338,71.202405,Kundhada,2,1138
GUJARAT,24,SURENDRANAGAR,475,CHOTILA,4247,hirasar,165788,22.384799,71.233675,Hirasar,2,849
GUJARAT,24,SURENDRANAGAR,475,CHOTILA,4247,zinzuda,165854,22.386041,71.104744,Zinzuda,2,3162
GUJARAT,24,SURENDRANAGAR,475,CHUDA,4248,sontha,165886,22.386758,71.852491,Sontha,2,2016
GUJARAT,24,SURENDRANAGAR,475,CHOTILA,4247,kherdi,165798,22.387106,71.155903,Kherdi,2,2471
GUJARAT,24,SURENDRANAGAR,475,SAYLA,4255,sokhada,166323,22.388005,71.328065,Sokhada,2,1815
GUJARAT,24,SURENDRANAGAR,475,CHOTILA,4247,garida,165783,22.391995,71.063845,Garida,2,1160
GUJARAT,24,SURENDRANAGAR,475,SAYLA,4255,gundiyavada,166285,22.393166,71.422982,Gundiyavada,2,1426
GUJARAT,24,SURENDRANAGAR,475,CHOTILA,4247,piprali,165828,22.393677,71.315805,Piprali,2,2266
GUJARAT,24,SURENDRANAGAR,475,CHOTILA,4247,habiyasar,165787,22.394452,71.263925,Habiyasar,2,817
GUJARAT,24,SURENDRANAGAR,475,SAYLA,4255,dhandhalpur,166274,22.395545,71.362612,Dhandhalpur,2,3387
GUJARAT,24,SURENDRANAGAR,475,SAYLA,4255,khintla,166293,22.395721,71.448155,Khintla,2,2964
GUJARAT,24,SURENDRANAGAR,475,CHUDA,4248,vaniyavadar,165888,22.396863,71.689047,Vaniyavadar,2,1029
GUJARAT,24,SURENDRANAGAR,475,CHOTILA,4247,dudheli,88888,22.399222,71.212257,Dudheli,2,1967
GUJARAT,24,SURENDRANAGAR,475,CHOTILA,4247,bhimgadh,165768,22.401858,71.177373,Bhimgadh,2,1664
GUJARAT,24,SURENDRANAGAR,475,CHUDA,4248,rangpur,165883,22.404105,71.927269,Rangpur,2,3274
GUJARAT,24,SURENDRANAGAR,475,SAYLA,4255,nagadka,166304,22.405258,71.591417,Nagadka,2,4782
GUJARAT,24,SURENDRANAGAR,475,SAYLA,4255,sangoi,166318,22.405343,71.548472,Sangoi,2,1316
GUJARAT,24,SURENDRANAGAR,475,CHUDA,4248,vejalka,165889,22.40563,71.726835,Vejalka,2,2904
GUJARAT,24,SURENDRANAGAR,475,CHOTILA,4247,nani morsal,165819,22.406978,71.265483,Nani Morsal,2,1443
GUJARAT,24,SURENDRANAGAR,475,CHOTILA,4247,jasapar,88888,22.408051,71.248421,Jasapar,2,376
GUJARAT,24,SURENDRANAGAR,475,CHUDA,4248,balala,165856,22.409072,71.813662,Balala,2,1227
GUJARAT,24,SURENDRANAGAR,475,CHOTILA,4247,nani moldi,165818,22.409249,71.116195,Nani Moldi,2,1574
GUJARAT,24,SURENDRANAGAR,475,CHUDA,4248,bhensjal,165858,22.410231,71.634432,Bhensjal,2,1312
GUJARAT,24,SURENDRANAGAR,475,SAYLA,4255,ratadki,166314,22.410764,71.310208,Ratadki,2,1262
GUJARAT,24,SURENDRANAGAR,475,CHOTILA,4247,jivapar (anandpur),165791,22.411134,70.991568,Jivapar (Anandpur),2,1502
GUJARAT,24,SURENDRANAGAR,475,SAYLA,4255,shirvaniya,166322,22.412255,71.528031,Shirvaniya,2,2064
GUJARAT,24,SURENDRANAGAR,475,SAYLA,4255,gadhshirvaniya,166280,22.413673,71.531897,Gadhshirvaniya,2,1276
GUJARAT,24,SURENDRANAGAR,475,CHUDA,4248,minapur,165878,22.413714,71.694401,Minapur,2,1682
GUJARAT,24,SURENDRANAGAR,475,CHOTILA,4247,navagam (bamanbore),165820,22.414418,71.056996,Navagam (Bamanbore),2,1514
GUJARAT,24,SURENDRANAGAR,475,CHOTILA,4247,bamanbore,165766,22.415097,71.037041,Bamanbore,2,3308
GUJARAT,24,SURENDRANAGAR,475,CHOTILA,4247,moti moldi,165814,22.416465,71.121608,Moti Moldi,2,4510
GUJARAT,24,SURENDRANAGAR,475,SAYLA,4255,dhamrasala,166273,22.417117,71.388493,Dhamrasala,2,1733
GUJARAT,24,SURENDRANAGAR,475,CHUDA,4248,chhalala,165863,22.41805,71.808829,Chhalala,2,2398
GUJARAT,24,SURENDRANAGAR,475,CHOTILA,4247,nana paliyad,165817,22.41982,71.221335,Nana Paliyad,2,1127
GUJARAT,24,SURENDRANAGAR,475,CHUDA,4248,zobala,165892,22.420648,71.765863,Zobala,2,4968
GUJARAT,24,SURENDRANAGAR,475,CHUDA,4248,kanthariya,165871,22.421966,71.864862,Kanthariya,2,1756
GUJARAT,24,SURENDRANAGAR,475,CHOTILA,4247,chotila,88888,22.423676,71.194619,Chotila,2,930
GUJARAT,24,SURENDRANAGAR,475,CHUDA,4248,karmad,165872,22.42474,71.740495,Karmad,2,1734
GUJARAT,24,SURENDRANAGAR,475,CHOTILA,4247,chanpa,165770,22.42549,71.173115,Chanpa,2,831
GUJARAT,24,SURENDRANAGAR,475,CHOTILA,4247,gundala,165786,22.425603,71.028791,Gundala,2,1761
GUJARAT,24,SURENDRANAGAR,475,CHOTILA,4247,chotila block hq,88888,22.425677,71.20207,Chotila Block HQ,2,2990
GUJARAT,24,SURENDRANAGAR,475,CHUDA,4248,chachka,165861,22.428396,71.667054,Chachka,2,2856
GUJARAT,24,SURENDRANAGAR,475,SAYLA,4255,nanimorsal,88888,22.4309,71.292363,Nanimorsal,2,1443
GUJARAT,24,SURENDRANAGAR,475,SAYLA,4255,vanta vachh,166329,22.431722,71.480053,Vanta Vachh,2,2510
GUJARAT,24,SURENDRANAGAR,475,CHOTILA,4247,mota kandhasar,165813,22.432691,71.265913,Mota Kandhasar,2,941
GUJARAT,24,SURENDRANAGAR,475,SAYLA,4255,ovangadh,166313,22.433596,71.445588,Ovangadh,2,1383
GUJARAT,24,SURENDRANAGAR,475,CHUDA,4248,chhatriyala,165864,22.435469,71.712911,Chhatriyala,2,2639
GUJARAT,24,SURENDRANAGAR,475,CHUDA,4248,vanala,165887,22.436984,71.923283,Vanala,2,1194
GUJARAT,24,SURENDRANAGAR,475,CHOTILA,4247,kanpar,88888,22.437445,71.208705,Kumbhara,2,1223
GUJARAT,24,SURENDRANAGAR,475,CHUDA,4248,bhanejada,165857,22.437711,71.593669,Bhanejada,2,789
GUJARAT,24,SURENDRANAGAR,475,SAYLA,4255,morsal,166299,22.43827,71.300678,Morsal,2,1226
GUJARAT,24,SURENDRANAGAR,475,CHUDA,4248,kudla,165876,22.440003,71.627993,Kudla,2,3055
GUJARAT,24,SURENDRANAGAR,475,SAYLA,4255,chhadiyali,166268,22.441707,71.443177,Chhadiyali,2,996
GUJARAT,24,SURENDRANAGAR,475,CHUDA,4248,ramdevgadh,165882,22.44379,71.683068,Ramdevgadh,2,646
GUJARAT,24,SURENDRANAGAR,475,CHOTILA,4247,janivadla,165790,22.444321,71.136743,Janivadla,2,1473
GUJARAT,24,SURENDRANAGAR,475,SAYLA,4255,mota sakhpar,166302,22.444445,71.368168,Mota Sakhpar,2,1646
GUJARAT,24,SURENDRANAGAR,475,CHOTILA,4247,sangani,165839,22.445942,71.23634,Sangani,2,1179
GUJARAT,24,SURENDRANAGAR,475,SAYLA,4255,sudamda,166324,22.446072,71.483454,Sudamda,2,8286
GUJARAT,24,SURENDRANAGAR,475,CHOTILA,4247,navagam bamanbor,88888,22.44701,71.18952,Navagam Bamanbor,2,1514
GUJARAT,24,SURENDRANAGAR,475,SAYLA,4255,titoda,166326,22.447235,71.33946,Titoda,2,997
GUJARAT,24,SURENDRANAGAR,475,SAYLA,4255,sonpari,88888,22.447662,71.30723,Sonpari,2,869
GUJARAT,24,SURENDRANAGAR,475,CHOTILA,4247,nana kandhasar,165816,22.448492,71.255926,Nana Kandhasar,2,1309
GUJARAT,24,SURENDRANAGAR,475,CHUDA,4248,zinzavadar,165891,22.452292,71.694964,Zinzavadar,2,577
GUJARAT,24,SURENDRANAGAR,475,LIMBDI,4253,dholi,166167,22.453237,72.061323,Dholi,2,2727
GUJARAT,24,SURENDRANAGAR,475,LIMBDI,4253,vakhatpar,88888,22.453582,72.09837,Vakhatpar,2,1795
GUJARAT,24,SURENDRANAGAR,475,CHOTILA,4247,pajvali,165823,22.455687,71.182278,Pajvali,2,1384
GUJARAT,24,SURENDRANAGAR,475,SAYLA,4255,sejakpar,166320,22.45573,71.415096,Sejakpar,2,583
GUJARAT,24,SURENDRANAGAR,475,CHUDA,4248,khandiya,165874,22.457561,71.855302,Khandiya,2,1851
GUJARAT,24,SURENDRANAGAR,475,CHUDA,4248,chachana,165860,22.458943,71.892752,Chachana,2,1128
GUJARAT,24,SURENDRANAGAR,475,CHOTILA,4247,magharikhada,165804,22.465872,71.257633,Magharikhada,2,600
GUJARAT,24,SURENDRANAGAR,475,CHUDA,4248,korda,165875,22.466549,71.556294,Korda,2,5624
GUJARAT,24,SURENDRANAGAR,475,SAYLA,4255,dhankaniya,166275,22.467109,71.344924,Dhankaniya,2,382
GUJARAT,24,SURENDRANAGAR,475,CHUDA,4248,sejakpar,165885,22.468207,71.792151,Sejakpar,2,583
GUJARAT,24,SURENDRANAGAR,475,CHUDA,4248,darod,165867,22.468644,71.920733,Darod,2,985
GUJARAT,24,SURENDRANAGAR,475,CHOTILA,4247,rupavati (rajavad),165836,22.468875,71.19362,Rupavati (Rajavad),2,700
GUJARAT,24,SURENDRANAGAR,475,CHUDA,4248,gokharwala,165868,22.473303,71.722605,Gokharwala,2,2205
GUJARAT,24,SURENDRANAGAR,475,CHOTILA,4247,nava,244987,22.473497,71.210928,Nava,2,1788
GUJARAT,24,SURENDRANAGAR,475,SAYLA,4255,ratanpar,166315,22.474685,71.296729,Ratanpar,2,624
GUJARAT,24,SURENDRANAGAR,475,CHUDA,4248,bhrugupur,165859,22.475113,71.751551,Bhrugupur,2,5158
GUJARAT,24,SURENDRANAGAR,475,SAYLA,4255,nathupura,88888,22.475939,71.512995,Nathupura,2,375
GUJARAT,24,SURENDRANAGAR,475,SAYLA,4255,ganagapur,88888,22.476273,71.379216,Ganagapur,2,1027
GUJARAT,24,SURENDRANAGAR,475,CHUDA,4248,mojidad,165879,22.477196,71.815194,Mojidad,2,3129
GUJARAT,24,SURENDRANAGAR,475,CHUDA,4248,chamardi,165862,22.477453,71.951109,Chamardi,2,1226
GUJARAT,24,SURENDRANAGAR,475,CHUDA,4248,acharda,165855,22.477723,71.86037,Acharda,2,899
GUJARAT,24,SURENDRANAGAR,475,CHOTILA,4247,naliyeri,165815,22.478848,71.135559,Naliyeri,2,1006
GUJARAT,24,SURENDRANAGAR,475,LIMBDI,4253,jasapar,166179,22.478911,72.142827,Jasapar,2,376
GUJARAT,24,SURENDRANAGAR,475,CHOTILA,4247,rajavad,165830,22.479167,71.240882,Rajavad,2,1530
GUJARAT,24,SURENDRANAGAR,475,CHUDA,4248,chokdi,165865,22.480525,71.606167,Chokdi,2,6207
GUJARAT,24,SURENDRANAGAR,475,CHUDA,4248,chuda,165866,22.482092,71.686394,Chuda,2,15350
GUJARAT,24,SURENDRANAGAR,475,CHUDA,4248,chuda block hq,88888,22.482325,71.68832,Chuda Block HQ,2,1018
GUJARAT,24,SURENDRANAGAR,475,CHOTILA,4247,rampara (rajavad),165832,22.484057,71.18726,Rampara (Rajavad),2,120
GUJARAT,24,SURENDRANAGAR,475,SAYLA,4255,juna jashapar,166288,22.485263,71.451839,Juna Jashapar,2,2662
GUJARAT,24,SURENDRANAGAR,475,SAYLA,4255,madargadh,166298,22.489179,71.418977,Madargadh,2,941
GUJARAT,24,SURENDRANAGAR,475,CHUDA,4248,jepar,165869,22.491502,71.657349,Jepar,2,717
GUJARAT,24,SURENDRANAGAR,475,LIMBDI,4253,kamalpar,166181,22.492437,72.063758,Kamalpar,2,439
GUJARAT,24,SURENDRANAGAR,475,SAYLA,4255,thoriyali,166325,22.492893,71.491079,Thoriyali,2,2229
GUJARAT,24,SURENDRANAGAR,475,SAYLA,4255,mota kerala,166301,22.493249,71.508706,Mota Kerala,2,134
GUJARAT,24,SURENDRANAGAR,475,SAYLA,4255,shapar,166321,22.4937,71.307473,Shapar,2,1197
GUJARAT,24,SURENDRANAGAR,475,SAYLA,4255,vadiya,166327,22.494518,71.537805,Vadiya,2,1928
GUJARAT,24,SURENDRANAGAR,475,SAYLA,4255,nava jashapar,166307,22.495234,71.449773,Nava Jashapar,2,555
GUJARAT,24,SURENDRANAGAR,475,SAYLA,4255,bhrampuri,88888,22.496235,71.283153,Bhrampuri,2,1591
GUJARAT,24,SURENDRANAGAR,475,CHOTILA,4247,devsar,165777,22.497503,71.24768,Devsar,2,1515
GUJARAT,24,SURENDRANAGAR,475,CHUDA,4248,karol,165873,22.500922,71.776902,Karol,2,2094
GUJARAT,24,SURENDRANAGAR,475,SAYLA,4255,dhedhuki,166277,22.501511,71.332217,Dhedhuki,2,1036
GUJARAT,24,SURENDRANAGAR,475,SAYLA,4255,gosal,166284,22.503585,71.40718,Gosal,2,1517
GUJARAT,24,SURENDRANAGAR,475,SAYLA,4255,samatpar,166317,22.504352,71.347724,Samatpar,2,1309
GUJARAT,24,SURENDRANAGAR,475,LIMBDI,4253,hadala,166174,22.505528,72.134561,Hadala,2,4672
GUJARAT,24,SURENDRANAGAR,475,LIMBDI,4253,bhoika,166158,22.506,71.889533,Bhoika,2,2986
GUJARAT,24,SURENDRANAGAR,475,SAYLA,4255,hadala,166286,22.50894,71.315297,Hadala,2,4672
GUJARAT,24,SURENDRANAGAR,475,LIMBDI,4253,borna,166162,22.509375,71.838729,Borna,2,2831
GUJARAT,24,SURENDRANAGAR,475,CHUDA,4248,samdhiyala,165884,22.509485,71.563768,Samdhiyala,2,1731
GUJARAT,24,SURENDRANAGAR,475,SAYLA,4255,dharadungri,166276,22.514441,71.279075,Dharadungri,2,1591
GUJARAT,24,SURENDRANAGAR,475,CHUDA,4248,laliyad,165877,22.515032,71.71909,Laliyad,2,1554
GUJARAT,24,SURENDRANAGAR,475,LIMBDI,4253,zamdi,166209,22.515388,71.854128,Zamdi,2,638
GUJARAT,24,SURENDRANAGAR,475,CHOTILA,4247,vavdi,165852,22.518052,71.236217,Vavdi,2,845
GUJARAT,24,SURENDRANAGAR,475,LIMBDI,4253,borana,166161,22.519195,71.676167,Borana,2,1551
GUJARAT,24,SURENDRANAGAR,475,SAYLA,4255,aya,166266,22.521572,71.347478,Aya,2,885
GUJARAT,24,SURENDRANAGAR,475,SAYLA,4255,vakhatpar balmander,166328,22.52202,71.424321,Vakhatpar Balmander,2,1502
GUJARAT,24,SURENDRANAGAR,475,LIMBDI,4253,bhojpara,166159,22.522343,71.988568,Bhojpara,2,1677
GUJARAT,24,SURENDRANAGAR,475,LIMBDI,4253,aanandpar,166152,22.52243,72.083503,Aanandpar,2,884
GUJARAT,24,SURENDRANAGAR,475,SAYLA,4255,vakhatpar,166328,22.523157,71.425068,Vakhatpar,2,1795
GUJARAT,24,SURENDRANAGAR,475,SAYLA,4255,doliya,166279,22.525219,71.366954,Doliya,2,3106
GUJARAT,24,SURENDRANAGAR,475,LIMBDI,4253,pandri,166193,22.525596,71.795821,Pandri,2,840
GUJARAT,24,SURENDRANAGAR,475,WADHWAN,4256,madhad (muli),166353,22.526963,71.53489,Madhad (Muli),2,1021
GUJARAT,24,SURENDRANAGAR,475,WADHWAN,4256,madhad (wadhwan),166354,22.528909,71.539781,Madhad (Wadhwan),2,1431
GUJARAT,24,SURENDRANAGAR,475,CHUDA,4248,juni morwad,165881,22.530061,71.574001,Juni Morwad,2,1245
GUJARAT,24,SURENDRANAGAR,475,LIMBDI,4253,gp - liyad,166186,22.537059,71.724318,GP - Liyad,2,3116
GUJARAT,24,SURENDRANAGAR,475,LIMBDI,4253,balol,166154,22.538548,72.124769,Balol,2,2657
GUJARAT,24,SURENDRANAGAR,475,CHUDA,4248,navi morwad,165870,22.538759,71.574038,Navi Morwad,2,3458
GUJARAT,24,SURENDRANAGAR,475,SAYLA,4255,sorimbhda,88888,22.539699,71.321392,Sorimbhda,2,1025
GUJARAT,24,SURENDRANAGAR,475,CHOTILA,4247,sarodi,165841,22.53971,71.08122,Sarodi,2,1909
GUJARAT,24,SURENDRANAGAR,475,SAYLA,4255,sayla,166319,22.540141,71.483468,Sayla,2,16169
GUJARAT,24,SURENDRANAGAR,475,SAYLA,4255,sayla block hq,88888,22.540792,71.485729,Sayla Block HQ,2,1147
GUJARAT,24,SURENDRANAGAR,475,WADHWAN,4256,vastadi,88888,22.542222,71.635963,Vastadi,2,6056
GUJARAT,24,SURENDRANAGAR,475,SAYLA,4255,sitagadh,88888,22.544715,71.290922,Sitagadh,2,2959
GUJARAT,24,SURENDRANAGAR,475,SAYLA,4255,nava sudamda,166308,22.545501,71.431815,Nava Sudamda,2,737
GUJARAT,24,SURENDRANAGAR,475,CHOTILA,4247,goghavadar,88888,22.546027,71.245379,Goghavadar,2,1882
GUJARAT,24,SURENDRANAGAR,475,LIMBDI,4253,devpara,166165,22.546586,72.073133,Devpara,2,3046
GUJARAT,24,SURENDRANAGAR,475,LIMBDI,4253,ughal,166206,22.54913,71.681118,Ughal,2,793
GUJARAT,24,SURENDRANAGAR,475,LIMBDI,4253,khambhlav,166184,22.550953,71.913752,Khambhlav,2,2359
GUJARAT,24,SURENDRANAGAR,475,LIMBDI,4253,panshina,166194,22.55125,71.96943,Panshina,2,5749
GUJARAT,24,SURENDRANAGAR,475,WADHWAN,4256,fulgram,166339,22.551978,71.543412,Fulgram,2,2762
GUJARAT,24,SURENDRANAGAR,475,SAYLA,4255,kanpur,166289,22.552679,71.344614,Kanpur,2,586
GUJARAT,24,SURENDRANAGAR,475,CHOTILA,4247,jamvali,165789,22.55273,71.212689,Jamvali,2,1800
GUJARAT,24,SURENDRANAGAR,475,CHOTILA,4247,rupavati (sarodi),165837,22.552945,71.167704,Rupavati (Sarodi),2,1294
GUJARAT,24,SURENDRANAGAR,475,CHOTILA,4247,rampara (sarodi),165833,22.553212,71.100517,Rampara (Sarodi),2,724
GUJARAT,24,SURENDRANAGAR,475,LIMBDI,4253,sauka,166203,22.554814,71.778155,Sauka,2,1309
GUJARAT,24,SURENDRANAGAR,475,LIMBDI,4253,untadi,166208,22.555608,71.833393,Untadi,2,3263
GUJARAT,24,SURENDRANAGAR,475,CHOTILA,4247,devaliya,165775,22.556948,71.141082,Devaliya,2,572
GUJARAT,24,SURENDRANAGAR,475,LIMBDI,4253,choki,166163,22.557795,71.87112,Choki,2,1852
GUJARAT,24,SURENDRANAGAR,475,LIMBDI,4253,bodiya,166160,22.560269,71.733769,Bodiya,2,1267
GUJARAT,24,SURENDRANAGAR,475,SAYLA,4255,kansala,166290,22.560872,71.31579,Kansala,2,863
GUJARAT,24,SURENDRANAGAR,475,LIMBDI,4253,jakhan,166175,22.561877,71.878591,Jakhan,2,879
GUJARAT,24,SURENDRANAGAR,475,LIMBDI,4253,kanpara,166182,22.562419,71.991753,Kanpara,2,393
GUJARAT,24,SURENDRANAGAR,475,WADHWAN,4256,vadod,166370,22.563344,71.649004,Vadod,2,3060
GUJARAT,24,SURENDRANAGAR,475,SAYLA,4255,bhaduka,166267,22.564177,71.391424,Bhaduka,2,1782
GUJARAT,24,SURENDRANAGAR,475,LIMBDI,4253,limbdi block hq,88888,22.564447,71.812153,Limbdi Block HQ,2,1147
GUJARAT,24,SURENDRANAGAR,475,CHOTILA,4247,lakhamachi,165801,22.566785,71.131811,Lakhamachi,2,917
GUJARAT,24,SURENDRANAGAR,475,LIMBDI,4253,choraniya,166164,22.569717,71.851204,Choraniya,2,1546
GUJARAT,24,SURENDRANAGAR,475,WADHWAN,4256,baldana,166334,22.570054,71.699522,Baldana,2,2757
GUJARAT,24,SURENDRANAGAR,475,SAYLA,4255,kashipara,166292,22.570767,71.454326,Kashipara,2,830
GUJARAT,24,SURENDRANAGAR,475,LIMBDI,4253,ghanshyampar,166173,22.571076,72.074911,Ghanshyampar,2,489
GUJARAT,24,SURENDRANAGAR,475,SAYLA,4255,ishvariya,166287,22.571527,71.264352,Ishvariya,2,1403
GUJARAT,24,SURENDRANAGAR,475,CHOTILA,4247,khakharavali,165795,22.571766,71.233735,Khakharavali,2,1641
GUJARAT,24,SURENDRANAGAR,475,WADHWAN,4256,tuva,166368,22.573011,71.619298,Tuva,2,2626
GUJARAT,24,SURENDRANAGAR,475,MULI,4254,navaniya,166244,22.576838,71.529401,Navaniya,2,961
GUJARAT,24,SURENDRANAGAR,475,CHOTILA,4247,hirana,88888,22.577544,71.144159,Hirana,2,1276
GUJARAT,24,SURENDRANAGAR,475,CHOTILA,4247,anandpur (than),165764,22.577857,71.122661,Anandpur (Than),2,806
GUJARAT,24,SURENDRANAGAR,475,LIMBDI,4253,tokrala,166205,22.578897,71.94206,Tokrala,2,2241
GUJARAT,24,SURENDRANAGAR,475,CHOTILA,4247,ravrani,165834,22.579391,71.235537,Ravrani,2,499
GUJARAT,24,SURENDRANAGAR,475,LIMBDI,4253,raska,166200,22.581205,71.739906,Raska,2,2063
GUJARAT,24,SURENDRANAGAR,475,LIMBDI,4253,katariya,166183,22.584232,71.902131,Katariya,2,2968
GUJARAT,24,SURENDRANAGAR,475,SAYLA,4255,chorvira (than),166271,22.586976,71.329485,Chorvira (Than),2,2990
GUJARAT,24,SURENDRANAGAR,475,MULI,4254,gad,88888,22.588083,71.384838,Gad,2,2498
GUJARAT,24,SURENDRANAGAR,475,LIMBDI,4253,jansali,166178,22.588486,72.117124,Jansali,2,1304
GUJARAT,24,SURENDRANAGAR,475,CHOTILA,4247,devpara,88888,22.588489,71.116083,Devpara,2,3046
GUJARAT,24,SURENDRANAGAR,475,MULI,4254,somasar,166255,22.588665,71.426607,Somasar,2,1859
GUJARAT,24,SURENDRANAGAR,475,LIMBDI,4253,bhalgamda,166156,22.591268,71.820963,Bhalgamda,2,2880
GUJARAT,24,SURENDRANAGAR,475,SAYLA,4255,chitralank,166269,22.591985,71.258379,Chitralank,2,632
GUJARAT,24,SURENDRANAGAR,475,MULI,4254,sidhsar,166254,22.594174,71.479879,Sidhsar,2,1137
GUJARAT,24,SURENDRANAGAR,475,MULI,4254,naliya,166242,22.599582,71.519675,Naliya,2,1607
GUJARAT,24,SURENDRANAGAR,475,WADHWAN,4256,rampara,166364,22.599668,71.567519,Rampara,2,5457
GUJARAT,24,SURENDRANAGAR,475,WADHWAN,4256,gomta,166340,22.599848,71.70673,Gomta,2,891
GUJARAT,24,SURENDRANAGAR,475,MULI,4254,umarda,166259,22.599937,71.371877,Umarda,2,3432
GUJARAT,24,SURENDRANAGAR,475,CHOTILA,4247,abhepar,88888,22.600157,71.176618,Abhepar,2,2662
GUJARAT,24,SURENDRANAGAR,475,WADHWAN,4256,kariyani,166343,22.601602,71.656338,Kariyani,2,908
GUJARAT,24,SURENDRANAGAR,475,CHOTILA,4247,amarapar,165762,22.602341,71.194414,Amarapar,2,1110
GUJARAT,24,SURENDRANAGAR,475,MULI,4254,chandreliya,166214,22.602424,71.254092,Chandreliya,2,577
GUJARAT,24,SURENDRANAGAR,475,LIMBDI,4253,ralol,166197,22.604118,71.985003,Ralol,2,9351
GUJARAT,24,SURENDRANAGAR,475,LIMBDI,4253,ghagosar,88888,22.606322,71.892,Ghagosar,2,4216
GUJARAT,24,SURENDRANAGAR,475,CHOTILA,4247,songadh,165844,22.607826,71.220902,Songadh,2,1399
GUJARAT,24,SURENDRANAGAR,475,CHOTILA,4247,morthala,165811,22.609893,71.119299,Morthala,2,3375
GUJARAT,24,SURENDRANAGAR,475,WADHWAN,4256,gundiyala,166341,22.610146,71.614026,Gundiyala,2,2779
GUJARAT,24,SURENDRANAGAR,475,MULI,4254,devpara,166218,22.610458,71.283061,Devpara,2,3046
GUJARAT,24,SURENDRANAGAR,475,MULI,4254,vagadiya,166261,22.610527,71.292271,Vagadiya,2,3087
GUJARAT,24,SURENDRANAGAR,475,MULI,4254,tidana,166257,22.611151,71.404922,Tidana,2,867
GUJARAT,24,SURENDRANAGAR,475,CHOTILA,4247,sarsana,165842,22.615755,71.14588,Sarsana,2,1712
GUJARAT,24,SURENDRANAGAR,475,LIMBDI,4253,mota timbla,166187,22.617225,71.859914,Mota Timbla,2,215
GUJARAT,24,SURENDRANAGAR,475,LIMBDI,4253,ankewaliya,166153,22.618875,71.790814,Ankewaliya,2,3230
GUJARAT,24,SURENDRANAGAR,475,LIMBDI,4253,gedi,166171,22.62033,71.945596,Gedi,2,1987
GUJARAT,24,SURENDRANAGAR,475,MULI,4254,gadhad,166223,22.620496,71.414015,Gadhad,2,2427
GUJARAT,24,SURENDRANAGAR,475,CHOTILA,4247,navagam (than),165822,22.621944,71.178521,Navagam (Than),2,3421
GUJARAT,24,SURENDRANAGAR,475,LIMBDI,4253,jasmatpar,166180,22.622417,71.996927,Jasmatpar,2,439
GUJARAT,24,SURENDRANAGAR,475,WADHWAN,4256,chanpar,166215,22.623169,71.567057,Chanpar,2,876
GUJARAT,24,SURENDRANAGAR,475,CHOTILA,4247,kanpar,88888,22.62603,71.213249,Kanpar,2,1223
GUJARAT,24,SURENDRANAGAR,475,LIMBDI,4253,ghaghretiya,166172,22.627533,71.828302,Ghaghretiya,2,1206
GUJARAT,24,SURENDRANAGAR,475,LIMBDI,4253,nana timbla,166190,22.629796,71.877408,Nana Timbla,2,2195
GUJARAT,24,SURENDRANAGAR,475,WADHWAN,4256,timba,166367,22.631529,71.651032,Timba,2,1490
GUJARAT,24,SURENDRANAGAR,475,WADHWAN,4256,rai,166362,22.63251,71.748841,Rai,2,704
GUJARAT,24,SURENDRANAGAR,475,MULI,4254,muli block hq,88888,22.636605,71.460361,Muli Block HQ,2,1147
GUJARAT,24,SURENDRANAGAR,475,MULI,4254,nalkhambha,166243,22.63801,71.267707,Nalkhambha,2,1112
GUJARAT,24,SURENDRANAGAR,475,MULI,4254,khakhrala,166231,22.638279,71.310763,Khakhrala,2,1888
GUJARAT,24,SURENDRANAGAR,475,LIMBDI,4253,samla,166202,22.639357,71.766109,Samla,2,1122
GUJARAT,24,SURENDRANAGAR,475,WADHWAN,4256,kharva,166347,22.641815,71.691806,Kharva,2,2948
GUJARAT,24,SURENDRANAGAR,475,MULI,4254,jasapar,166228,22.642034,71.50622,Jasapar,2,376
GUJARAT,24,SURENDRANAGAR,475,WADHWAN,4256,kholadiad,166350,22.642075,71.593912,Kholadiad,2,2125
GUJARAT,24,SURENDRANAGAR,475,MULI,4254,palasa,166245,22.642819,71.331742,Palasa,2,2133
GUJARAT,24,SURENDRANAGAR,475,LIMBDI,4253,ramrajpar,166198,22.645211,71.896396,Ramrajpar,2,927
GUJARAT,24,SURENDRANAGAR,475,MULI,4254,manpar,166239,22.645212,71.297202,Manpar,2,1852
GUJARAT,24,SURENDRANAGAR,475,LIMBDI,4253,natwargadh,166192,22.646561,71.847529,Natwargadh,2,2514
GUJARAT,24,SURENDRANAGAR,475,WADHWAN,4256,munjpur (parmar),166358,22.647782,71.548311,Munjpur (Parmar),2,1088
GUJARAT,24,SURENDRANAGAR,475,CHOTILA,4247,manadasar,165806,22.648252,71.139433,Manadasar,2,2466
GUJARAT,24,SURENDRANAGAR,475,MULI,4254,ramparda,166247,22.648829,71.350681,Ramparda,2,743
GUJARAT,24,SURENDRANAGAR,475,LIMBDI,4253,umedpar,166207,22.649448,71.800973,Umedpar,2,434
GUJARAT,24,SURENDRANAGAR,475,CHOTILA,4247,tarnetar,165847,22.650165,71.210578,Tarnetar,2,2515
GUJARAT,24,SURENDRANAGAR,475,CHOTILA,4247,vijaliya,165853,22.65444,71.16528,Vijaliya,2,3678
GUJARAT,24,SURENDRANAGAR,475,WADHWAN,4256,vaghela,166371,22.654794,71.657291,Vaghela,2,1663
GUJARAT,24,SURENDRANAGAR,475,MULI,4254,khakharathal,166230,22.657884,71.238799,Khakharathal,2,2427
GUJARAT,24,SURENDRANAGAR,475,LIMBDI,4253,parnala,166196,22.665098,71.969318,Parnala,2,3812
GUJARAT,24,SURENDRANAGAR,475,LIMBDI,4253,jambu,166177,22.666291,71.916025,Jambu,2,4405
GUJARAT,24,SURENDRANAGAR,475,MULI,4254,kukda,166234,22.667838,71.511502,Kukda,2,1599
GUJARAT,24,SURENDRANAGAR,475,WADHWAN,4256,malod,166355,22.668143,71.622301,Malod,2,2212
GUJARAT,24,SURENDRANAGAR,475,LIMBDI,4253,dolatpar,166168,22.669268,71.798971,Dolatpar,2,358
GUJARAT,24,SURENDRANAGAR,475,WADHWAN,4256,bhadiyad,166335,22.669408,71.777829,Bhadiyad,2,994
GUJARAT,24,SURENDRANAGAR,475,MULI,4254,dholiya,166220,22.670432,71.313548,Dholiya,2,1158
GUJARAT,24,SURENDRANAGAR,475,MULI,4254,limli,166236,22.672852,71.569352,Limli,2,2574
GUJARAT,24,SURENDRANAGAR,475,MULI,4254,khatdi,166233,22.673537,71.398909,Khatdi,2,1757
GUJARAT,24,SURENDRANAGAR,475,WADHWAN,4256,nana kerala,166360,22.678305,71.733443,Nana Kerala,2,1442
GUJARAT,24,SURENDRANAGAR,475,MULI,4254,asundrali,166211,22.683466,71.283947,Asundrali,2,1015
GUJARAT,24,SURENDRANAGAR,475,WADHWAN,4256,sankali,166366,22.683642,71.757874,Sankali,2,1367
GUJARAT,24,SURENDRANAGAR,475,CHOTILA,4247,varmadhar,165851,22.683841,71.189681,Varmadhar,2,1243
GUJARAT,24,SURENDRANAGAR,475,LIMBDI,4253,shiyani,166204,22.684594,71.830859,Shiyani,2,5689
GUJARAT,24,SURENDRANAGAR,475,MULI,4254,gautamgadh,166225,22.686101,71.464123,Gautamgadh,2,2627
GUJARAT,24,SURENDRANAGAR,475,LIMBDI,4253,bhathan,166157,22.686407,71.937531,Bhathan,2,2792
GUJARAT,24,SURENDRANAGAR,475,MULI,4254,ranipat,166248,22.689083,71.210818,Ranipat,2,2616
GUJARAT,24,SURENDRANAGAR,475,WADHWAN,4256,kherali,166348,22.690342,71.601317,Kherali,2,4696
GUJARAT,24,SURENDRANAGAR,475,MULI,4254,bhavanigadh,166212,22.690503,71.267428,Bhavanigadh,2,1519
GUJARAT,24,SURENDRANAGAR,475,CHOTILA,4247,undvi,165849,22.693647,71.173526,Undvi,2,1444
GUJARAT,24,SURENDRANAGAR,475,MULI,4254,godavari,166226,22.696984,71.538414,Godavari,2,2370
GUJARAT,24,SURENDRANAGAR,475,MULI,4254,dudhai,166222,22.698163,71.345932,Dudhai,2,1967
GUJARAT,24,SURENDRANAGAR,475,MULI,4254,tikar,166258,22.698467,71.423074,Tikar,2,3332
GUJARAT,24,SURENDRANAGAR,475,MULI,4254,shekhpar,166253,22.70017,71.554956,Shekhpar,2,3049
GUJARAT,24,SURENDRANAGAR,475,WADHWAN,4256,memka,166356,22.70043,71.732529,Memka,2,3793
GUJARAT,24,SURENDRANAGAR,475,LIMBDI,4253,parali,166195,22.705207,71.970593,Parali,2,1853
GUJARAT,24,SURENDRANAGAR,475,WADHWAN,4256,khajeli,166345,22.709136,71.794043,Khajeli,2,1008
GUJARAT,24,SURENDRANAGAR,475,LIMBDI,4253,laxmisar,166185,22.709738,71.889464,Laxmisar,2,1355
GUJARAT,24,SURENDRANAGAR,475,WADHWAN,4256,wadhwan block hq,88888,22.710219,71.678102,Wadhwan Block HQ,2,1431
GUJARAT,24,SURENDRANAGAR,475,MULI,4254,sangadhra,166250,22.723355,71.173251,Sangadhra,2,1246
GUJARAT,24,SURENDRANAGAR,475,LAKHTAR,4252,tavi,166144,22.723632,71.857158,Tavi,2,1347
GUJARAT,24,SURENDRANAGAR,475,MULI,4254,digsar,166221,22.724832,71.480159,Digsar,2,3789
GUJARAT,24,SURENDRANAGAR,475,LIMBDI,4253,dhalwana,166166,22.726164,71.932632,Dhalwana,2,1570
GUJARAT,24,SURENDRANAGAR,475,MULI,4254,khampaliya,166232,22.727682,71.294161,Khampaliya,2,1998
GUJARAT,24,SURENDRANAGAR,475,MULI,4254,raysangpar,166249,22.73046,71.269859,Raysangpar,2,2321
GUJARAT,24,SURENDRANAGAR,475,MULI,4254,gadhada,166224,22.731694,71.328422,Gadhada,2,1293
GUJARAT,24,SURENDRANAGAR,475,WADHWAN,4256,khamisana,166346,22.732034,71.609337,Khamisana,2,1998
GUJARAT,24,SURENDRANAGAR,475,MULI,4254,sujangadh,166256,22.732775,71.410086,Sujangadh,2,849
GUJARAT,24,SURENDRANAGAR,475,MULI,4254,sarla,166252,22.735907,71.37146,Sarla,2,4483
GUJARAT,24,SURENDRANAGAR,475,MULI,4254,velala (dhrangadhra),166262,22.736275,71.259677,Velala (Dhrangadhra),2,2351
GUJARAT,24,SURENDRANAGAR,475,LIMBDI,4253,mulbavla,166189,22.737919,71.97171,Mulbavla,2,2006
GUJARAT,24,SURENDRANAGAR,475,WADHWAN,4256,zampodad,166374,22.740564,71.780906,Zampodad,2,1236
GUJARAT,24,SURENDRANAGAR,475,MULI,4254,danawada,166217,22.741455,71.50168,Danawada,2,3950
GUJARAT,24,SURENDRANAGAR,475,WADHWAN,4256,vadala,166369,22.742252,71.742776,Vadala,2,2280
GUJARAT,24,SURENDRANAGAR,475,LAKHTAR,4252,varsani,166148,22.743043,71.816815,GP - Varsani,2,1151
GUJARAT,24,SURENDRANAGAR,475,MULI,4254,bhet,166213,22.745292,71.143364,Bhet,2,1945
GUJARAT,24,SURENDRANAGAR,475,LIMBDI,4253,rojasar,166201,22.747073,71.90363,Rojasar,2,1954
GUJARAT,24,SURENDRANAGAR,475,MULI,4254,dadholiya,166216,22.748267,71.177041,Dadholiya,2,2588
GUJARAT,24,SURENDRANAGAR,475,MULI,4254,pandavara,166246,22.754027,71.440901,Pandavara,2,1661
GUJARAT,24,SURENDRANAGAR,475,WADHWAN,4256,mulchand,166357,22.754929,71.655214,Mulchand,2,1946
GUJARAT,24,SURENDRANAGAR,475,LIMBDI,4253,fulwadi,166169,22.755486,71.9266,Fulwadi,2,853
GUJARAT,24,SURENDRANAGAR,475,WADHWAN,4256,kothariya,166351,22.757633,71.711963,Kothariya,2,3568
GUJARAT,24,SURENDRANAGAR,475,WADHWAN,4256,chamaraj,166337,22.758179,71.582699,Chamaraj,2,2275
GUJARAT,24,SURENDRANAGAR,475,WADHWAN,4256,rajpar,166363,22.760443,71.671377,Rajpar,2,3472
GUJARAT,24,SURENDRANAGAR,475,MULI,4254,velala (sayla),166263,22.762965,71.254369,Velala (Sayla),2,448
GUJARAT,24,SURENDRANAGAR,475,MULI,4254,virpar,166264,22.765198,71.216237,Virpar,2,868
GUJARAT,24,SURENDRANAGAR,475,MULI,4254,vadadhra,166260,22.766837,71.286287,Vadadhra,2,1720
GUJARAT,24,SURENDRANAGAR,475,WADHWAN,4256,adheli,166330,22.767836,71.555429,Adheli,2,203
GUJARAT,24,SURENDRANAGAR,475,WADHWAN,4256,dedadara,166338,22.768891,71.763198,Dedadara,2,3650
GUJARAT,24,SURENDRANAGAR,475,MULI,4254,kuntalpur,166235,22.769236,71.338399,Kuntalpur,2,2497
GUJARAT,24,SURENDRANAGAR,475,HALVAD,4251,khetardi,166069,22.772943,71.116656,Khetardi,2,1375
GUJARAT,24,SURENDRANAGAR,475,MULI,4254,kalmad,166229,22.773561,71.370919,Kalmad,2,2599
GUJARAT,24,SURENDRANAGAR,475,LIMBDI,4253,ranagadh,166199,22.774866,71.989043,Ranagadh,2,500
GUJARAT,24,SURENDRANAGAR,475,HALVAD,4251,manekwada,166074,22.775097,71.055381,Manekwada,2,820
GUJARAT,24,SURENDRANAGAR,475,WADHWAN,4256,nagara,166359,22.779395,71.522605,Nagara,2,3035
GUJARAT,24,SURENDRANAGAR,475,WADHWAN,4256,bakarthali,166332,22.780099,71.63941,Bakarthali,2,1126
GUJARAT,24,SURENDRANAGAR,475,MULI,4254,naldhari,166241,22.781435,71.143803,Naldhari,2,1230
GUJARAT,24,SURENDRANAGAR,475,WADHWAN,4256,prangadh,166361,22.786255,71.550115,Prangadh,2,2465
GUJARAT,24,SURENDRANAGAR,475,LAKHTAR,4252,bhadwana,166114,22.789319,71.80423,Bhadwana,2,1624
GUJARAT,24,SURENDRANAGAR,475,LAKHTAR,4252,devaliya,166120,22.789966,71.843995,Devaliya,2,572
GUJARAT,24,SURENDRANAGAR,475,LIMBDI,4253,bhagwanpar,166155,22.790497,71.961388,Bhagwanpar,2,1217
GUJARAT,24,SURENDRANAGAR,475,LAKHTAR,4252,talsana,166141,22.791869,71.9076,Talsana,2,2943
GUJARAT,24,SURENDRANAGAR,475,LAKHTAR,4252,bhathariya,166117,22.791915,71.82435,Bhathariya,2,1111
GUJARAT,24,SURENDRANAGAR,475,WADHWAN,4256,velavadar,166373,22.792185,71.428025,Velavadar,2,1001
GUJARAT,24,SURENDRANAGAR,475,MULI,4254,sara,166251,22.792348,71.204771,Sara,2,6546
GUJARAT,24,SURENDRANAGAR,475,WADHWAN,4256,bala,166333,22.794117,71.699258,Bala,2,2804
GUJARAT,24,SURENDRANAGAR,475,WADHWAN,4256,latuda,166352,22.796313,71.614185,Latuda,2,1965
GUJARAT,24,SURENDRANAGAR,475,MULI,4254,liya,166237,22.798728,71.293935,Liya,2,3036
GUJARAT,24,SURENDRANAGAR,475,WADHWAN,4256,karangadh,166342,22.799605,71.663176,Karangadh,2,1566
GUJARAT,24,SURENDRANAGAR,475,HALVAD,4251,chumpani,166050,22.800331,71.092414,Chumpani,2,2260
GUJARAT,24,SURENDRANAGAR,475,WADHWAN,4256,khodu,166349,22.802379,71.482437,Khodu,2,6060
GUJARAT,24,SURENDRANAGAR,475,MULI,4254,mahadevgadh,166238,22.802978,71.240915,Mahadevgadh,2,739
GUJARAT,24,SURENDRANAGAR,475,WADHWAN,4256,katuda,166344,22.803621,71.595017,Katuda,2,2218
GUJARAT,24,SURENDRANAGAR,475,DHRANGADHRA,4250,raygadh,166030,22.804095,71.392876,Raygadh,2,884
GUJARAT,24,SURENDRANAGAR,475,LIMBDI,4253,jaliyala,166176,22.80515,71.953505,Jaliyala,2,431
GUJARAT,24,SURENDRANAGAR,475,HALVAD,4251,shivpur,166101,22.806128,71.0394,Shivpur,2,1200
GUJARAT,24,SURENDRANAGAR,475,HALVAD,4251,dungarpur,166056,22.810635,71.006899,Dungarpur,2,2015
GUJARAT,24,SURENDRANAGAR,475,WADHWAN,4256,rupavati,166365,22.812736,71.439388,Rupavati,2,1046
GUJARAT,24,SURENDRANAGAR,475,DHRANGADHRA,4250,rampara,166027,22.815007,71.339831,Rampara,2,5457
GUJARAT,24,SURENDRANAGAR,475,LAKHTAR,4252,zamar,166151,22.817323,71.762601,Zamar,2,1538
GUJARAT,24,SURENDRANAGAR,475,MULI,4254,ambardi,166210,22.819923,71.15845,Ambardi,2,1035
GUJARAT,24,SURENDRANAGAR,475,LAKHTAR,4252,aniyali,166111,22.821654,71.853818,Aniyali,2,1413
GUJARAT,24,SURENDRANAGAR,475,LAKHTAR,4252,vadekhan,166139,22.823178,71.955069,GP - Vadekhan,2,1305
GUJARAT,24,SURENDRANAGAR,475,WADHWAN,4256,bhadreshi,166336,22.823905,71.639546,Bhadreshi,2,1747
GUJARAT,24,SURENDRANAGAR,475,DHRANGADHRA,4250,devcharadi,165986,22.82496,71.553005,Devcharadi,2,2707
GUJARAT,24,SURENDRANAGAR,475,DHRANGADHRA,4250,ravaliyavadar,166029,22.826568,71.382915,Ravaliyavadar,2,2828
GUJARAT,24,SURENDRANAGAR,475,WADHWAN,4256,anindra,166331,22.827615,71.691947,Anindra,2,1718
GUJARAT,24,SURENDRANAGAR,475,LAKHTAR,4252,bajrangpura,166113,22.830256,71.727958,Bajrangpura,2,1762
GUJARAT,24,SURENDRANAGAR,475,LAKHTAR,4252,talvani,166142,22.830774,71.798082,Talvani,2,412
GUJARAT,24,SURENDRANAGAR,475,DHRANGADHRA,4250,gujarvadi,165995,22.833272,71.515309,Gujarvadi,2,3671
GUJARAT,24,SURENDRANAGAR,475,LIMBDI,4253,gadthal,166170,22.836932,71.945552,GP - Gadthal,2,1884
GUJARAT,24,SURENDRANAGAR,475,HALVAD,4251,chitrodi,166049,22.838456,71.227152,Chitrodi,2,2039
GUJARAT,24,SURENDRANAGAR,475,DHRANGADHRA,4250,mota ankevaliya,166014,22.841278,71.456383,Mota Ankevaliya,2,2614
GUJARAT,24,SURENDRANAGAR,475,HALVAD,4251,mathak,166078,22.843402,71.056393,Mathak,2,4095
GUJARAT,24,SURENDRANAGAR,475,LAKHTAR,4252,tanmaniya,166143,22.844688,71.843671,Tanmaniya,2,1011
GUJARAT,24,SURENDRANAGAR,475,HALVAD,4251,sundari,166104,22.844694,71.122797,Sundari,2,2393
GUJARAT,24,SURENDRANAGAR,475,HALVAD,4251,ratabhe,166094,22.845997,70.99509,Ratabhe,2,3414
GUJARAT,24,SURENDRANAGAR,475,LIMBDI,4253,nani kathechi,166191,22.848454,71.987231,Nani Kathechi,2,7032
GUJARAT,24,SURENDRANAGAR,475,LAKHTAR,4252,bhalala,166115,22.851099,71.885421,Bhalala,2,1029
GUJARAT,24,SURENDRANAGAR,475,DHRANGADHRA,4250,ratanpar,166028,22.855798,71.275772,Ratanpar,2,624
GUJARAT,24,SURENDRANAGAR,475,HALVAD,4251,raydhra,166095,22.858057,71.045103,Raydhra,2,1802
GUJARAT,24,SURENDRANAGAR,475,DHRANGADHRA,4250,prathugadh,166021,22.858523,71.538892,Prathugadh,2,1919
GUJARAT,24,SURENDRANAGAR,475,LAKHTAR,4252,lakhtar,166130,22.85915,71.783603,Lakhtar,2,12371
GUJARAT,24,SURENDRANAGAR,475,DHRANGADHRA,4250,dumana,165990,22.859329,71.644196,Dumana,2,1012
GUJARAT,24,SURENDRANAGAR,475,HALVAD,4251,dighadiya,166055,22.859654,71.191218,Dighadiya,2,2684
GUJARAT,24,SURENDRANAGAR,475,LAKHTAR,4252,lakhtar block hq,88888,22.859883,71.783166,Lakhtar Block HQ,2,12371
GUJARAT,24,SURENDRANAGAR,475,DHRANGADHRA,4250,pratappur,166020,22.860738,71.611274,Pratappur,2,986
GUJARAT,24,SURENDRANAGAR,475,LAKHTAR,4252,sakar,166139,22.861532,71.952496,GP - Sakar,2,2703
GUJARAT,24,SURENDRANAGAR,475,DHRANGADHRA,4250,rajsitapur,166025,22.863905,71.586971,Rajsitapur,2,3701
GUJARAT,24,SURENDRANAGAR,475,DHRANGADHRA,4250,narichana,166016,22.865509,71.406719,Narichana,2,3301
GUJARAT,24,SURENDRANAGAR,475,HALVAD,4251,vankiya,166108,22.865742,71.016658,Vankiya,2,562
GUJARAT,24,SURENDRANAGAR,475,LAKHTAR,4252,dervala,166119,22.868769,71.895064,Dervala,2,1695
GUJARAT,24,SURENDRANAGAR,475,HALVAD,4251,ranchhodgadh,166090,22.871931,71.080274,Ranchhodgadh,2,2247
GUJARAT,24,SURENDRANAGAR,475,LAKHTAR,4252,vana,166147,22.873659,71.705092,Vana,2,2838
GUJARAT,24,SURENDRANAGAR,475,HALVAD,4251,samli,166097,22.87571,71.027464,Samli,2,1110
GUJARAT,24,SURENDRANAGAR,475,LAKHTAR,4252,kalam,166126,22.878092,71.86062,Kalam,2,989
GUJARAT,24,SURENDRANAGAR,475,HALVAD,4251,sarambhada,166099,22.881832,71.105856,Sarambhada,2,1025
GUJARAT,24,SURENDRANAGAR,475,LAKHTAR,4252,adalsar,166110,22.882704,71.80938,Adalsar,2,1558
GUJARAT,24,SURENDRANAGAR,475,DHRANGADHRA,4250,bharad,165982,22.888095,71.602435,Bharad,2,2626
GUJARAT,24,SURENDRANAGAR,475,HALVAD,4251,palasan,166087,22.888906,71.170651,Palasan,2,1103
GUJARAT,24,SURENDRANAGAR,475,DHRANGADHRA,4250,kondh,166008,22.889723,71.3066,Kondh,2,1882
GUJARAT,24,SURENDRANAGAR,475,LAKHTAR,4252,ghanad,166123,22.889771,71.690934,Ghanad,2,1220
GUJARAT,24,SURENDRANAGAR,475,LAKHTAR,4252,kadu,166125,22.88995,71.837264,Kadu,2,731
GUJARAT,24,SURENDRANAGAR,475,HALVAD,4251,sapkada,166098,22.89055,71.235537,Sapkada,2,3681
GUJARAT,24,SURENDRANAGAR,475,LAKHTAR,4252,larkhadiya,166131,22.890694,71.750111,Larkhadiya,2,561
GUJARAT,24,SURENDRANAGAR,475,DHRANGADHRA,4250,khambhda,166007,22.891983,71.523641,Khambhda,2,2114
GUJARAT,24,SURENDRANAGAR,475,DHRANGADHRA,4250,dholi,165987,22.892238,71.489221,Dholi,2,2727
GUJARAT,24,SURENDRANAGAR,475,LIMBDI,4253,moti kathechi,166188,22.892389,71.991504,Moti Kathechi,2,2259
GUJARAT,24,SURENDRANAGAR,475,DHRANGADHRA,4250,ganjela,165993,22.895015,71.643378,Ganjela,2,1457
GUJARAT,24,SURENDRANAGAR,475,LAKHTAR,4252,sadad,166138,22.899835,71.759324,Sadad,2,841
GUJARAT,24,SURENDRANAGAR,475,LAKHTAR,4252,malika,166133,22.900446,71.932297,Malika,2,1790
GUJARAT,24,SURENDRANAGAR,475,HALVAD,4251,bhalgamda,166044,22.90343,71.200332,Bhalgamda,2,2880
GUJARAT,24,SURENDRANAGAR,475,DHRANGADHRA,4250,bhechada,165984,22.904608,71.449122,Bhechada,2,1611
GUJARAT,24,SURENDRANAGAR,475,HALVAD,4251,pandatirath,166088,22.906451,71.099885,Pandatirath,2,1279
GUJARAT,24,SURENDRANAGAR,475,DHRANGADHRA,4250,hampar,165996,22.907457,71.569871,Hampar,2,1363
GUJARAT,24,SURENDRANAGAR,475,DHRANGADHRA,4250,gajanvav,165991,22.90765,71.400666,Gajanvav,2,2331
GUJARAT,24,SURENDRANAGAR,475,HALVAD,4251,golasan,166060,22.913177,71.152459,Golasan,2,1580
GUJARAT,24,SURENDRANAGAR,475,DHRANGADHRA,4250,navalgadh,166017,22.917681,71.507281,Navalgadh,2,2081
GUJARAT,24,SURENDRANAGAR,475,HALVAD,4251,devipur,166051,22.917863,71.042933,Devipur,2,936
GUJARAT,24,SURENDRANAGAR,475,LAKHTAR,4252,kesariya,166129,22.925534,71.795055,Kesariya,2,594
GUJARAT,24,SURENDRANAGAR,475,HALVAD,4251,charadva,166048,22.925992,71.024956,Charadva,2,8256
GUJARAT,24,SURENDRANAGAR,475,DHRANGADHRA,4250,bavali,165981,22.926862,71.40028,Bavali,2,2869
GUJARAT,24,SURENDRANAGAR,475,HALVAD,4251,kadiyana,166066,22.926863,71.075954,Kadiyana,2,2969
GUJARAT,24,SURENDRANAGAR,475,LAKHTAR,4252,olak,166136,22.927178,71.885959,Olak,2,2469
GUJARAT,24,SURENDRANAGAR,475,LAKHTAR,4252,lilapur,166132,22.928714,71.830948,Lilapur,2,2347
GUJARAT,24,SURENDRANAGAR,475,DHRANGADHRA,4250,rajcharadi,166022,22.931858,71.6252,Rajcharadi,2,2800
GUJARAT,24,SURENDRANAGAR,475,LAKHTAR,4252,modhwana,166134,22.933262,71.742746,Modhwana,2,1324
GUJARAT,24,SURENDRANAGAR,475,LAKHTAR,4252,pedhda,166137,22.935961,71.664933,Pedhda,2,1138
GUJARAT,24,SURENDRANAGAR,475,HALVAD,4251,dhavana,166053,22.939735,71.26785,Dhavana,2,2660
GUJARAT,24,SURENDRANAGAR,475,DHRANGADHRA,4250,jasapar,166000,22.940087,71.438351,Jasapar,2,376
GUJARAT,24,SURENDRANAGAR,475,LAKHTAR,4252,nana ankewaliya,166135,22.941186,71.700105,Nana Ankewaliya,2,2299
GUJARAT,24,SURENDRANAGAR,475,DHRANGADHRA,4250,vrajpar,166042,22.944533,71.47896,Vrajpar,2,1509
GUJARAT,24,SURENDRANAGAR,475,LAKHTAR,4252,gangad,166122,22.948448,71.972818,Gangad,2,1315
GUJARAT,24,SURENDRANAGAR,475,DASADA,4249,zezri,165978,22.948786,71.743569,Zezri,2,880
GUJARAT,24,SURENDRANAGAR,475,HALVAD,4251,merupar,166081,22.949159,71.132423,Merupar,2,1711
GUJARAT,24,SURENDRANAGAR,475,HALVAD,4251,sundargadh,166103,22.951221,71.104523,Sundargadh,2,1920
GUJARAT,24,SURENDRANAGAR,475,LAKHTAR,4252,dhanki,166121,22.951346,71.865491,Dhanki,2,1454
GUJARAT,24,SURENDRANAGAR,475,DHRANGADHRA,4250,jegadva,166002,22.953337,71.526796,Jegadva,2,2467
GUJARAT,24,SURENDRANAGAR,475,LAKHTAR,4252,chharad,166118,22.954761,71.91976,Chharad,2,2588
GUJARAT,24,SURENDRANAGAR,475,LAKHTAR,4252,savlana,166140,22.955496,71.777272,Savlana,2,1240
GUJARAT,24,SURENDRANAGAR,475,DHRANGADHRA,4250,ramgadh,166026,22.955806,71.562371,Ramgadh,2,1798
GUJARAT,24,SURENDRANAGAR,475,DHRANGADHRA,4250,jiva,166004,22.957886,71.323401,Jiva,2,2146
GUJARAT,24,SURENDRANAGAR,475,HALVAD,4251,ghanshyampur,166059,22.959368,71.203403,Ghanshyampur,2,4216
GUJARAT,24,SURENDRANAGAR,475,HALVAD,4251,shiroi,166100,22.963522,71.112854,Shiroi,2,824
GUJARAT,24,SURENDRANAGAR,475,HALVAD,4251,koyba,166072,22.967599,71.24671,Koyba,2,1464
GUJARAT,24,SURENDRANAGAR,475,LAKHTAR,4252,ingrodi,166124,22.971858,71.805283,Ingrodi,2,1153
GUJARAT,24,SURENDRANAGAR,475,DHRANGADHRA,4250,sokhada,166034,22.972154,71.727439,Sokhada,2,1815
GUJARAT,24,SURENDRANAGAR,475,HALVAD,4251,ranekpar,166091,22.977065,71.168906,Ranekpar,2,2391
GUJARAT,24,SURENDRANAGAR,475,DASADA,4249,limbad,165932,22.978708,71.889549,Limbad,2,1067
GUJARAT,24,SURENDRANAGAR,475,LAKHTAR,4252,kalyanpara,166127,22.980784,72.007661,Kalyanpara,2,1223
GUJARAT,24,SURENDRANAGAR,475,LAKHTAR,4252,bhaskarpara,166116,22.981773,71.95715,Bhaskarpara,2,780
GUJARAT,24,SURENDRANAGAR,475,LAKHTAR,4252,karela,166128,22.982781,71.837013,Karela,2,1825
GUJARAT,24,SURENDRANAGAR,475,DASADA,4249,nagadka,165942,22.983679,71.768801,Nagadka,2,4782
GUJARAT,24,SURENDRANAGAR,475,DHRANGADHRA,4250,methan,166013,22.985063,71.644211,Methan,2,2438
GUJARAT,24,SURENDRANAGAR,475,HALVAD,4251,mansar,166077,22.988492,71.146613,Mansar,2,839
GUJARAT,24,SURENDRANAGAR,475,LAKHTAR,4252,vitthalgadh,166149,22.990761,71.974021,Vitthalgadh,2,2959
GUJARAT,24,SURENDRANAGAR,475,DHRANGADHRA,4250,sarval,166032,22.991605,71.682486,Sarval,2,1253
GUJARAT,24,SURENDRANAGAR,475,LAKHTAR,4252,jotipara,88888,22.9923,71.956511,Jotipara,2,3264
GUJARAT,24,SURENDRANAGAR,475,HALVAD,4251,susvav,166106,22.993087,71.084604,Susvav,2,2184
GUJARAT,24,SURENDRANAGAR,475,HALVAD,4251,kavadiya,166067,22.994281,71.283475,Kavadiya,2,2349
GUJARAT,24,SURENDRANAGAR,475,DHRANGADHRA,4250,hirapur,165998,22.998192,71.574703,Hirapur,2,838
GUJARAT,24,SURENDRANAGAR,475,DHRANGADHRA,4250,chuli,165985,23.001079,71.348456,Chuli,2,3226
GUJARAT,24,SURENDRANAGAR,475,DHRANGADHRA,4250,soladi,166035,23.001846,71.392571,Soladi,2,4217
GUJARAT,24,SURENDRANAGAR,475,DHRANGADHRA,4250,gala,165992,23.002087,71.580179,Gala,2,1448
GUJARAT,24,SURENDRANAGAR,475,DASADA,4249,kherva,165930,23.002499,71.746996,Kherva,2,3107
GUJARAT,24,SURENDRANAGAR,475,DHRANGADHRA,4250,haripar,165997,23.003354,71.517078,Haripar,2,610
GUJARAT,24,SURENDRANAGAR,475,HALVAD,4251,kedariya,166068,23.005598,71.093561,Kedariya,2,1088
GUJARAT,24,SURENDRANAGAR,475,DHRANGADHRA,4250,rajgadh,166023,23.005707,71.562594,Rajgadh,2,2285
GUJARAT,24,SURENDRANAGAR,475,HALVAD,4251,sukhpar,166102,23.007569,71.267297,Sukhpar,2,2026
GUJARAT,24,SURENDRANAGAR,475,HALVAD,4251,ranjitgadh,166092,23.010466,71.114054,Ranjitgadh,2,1458
GUJARAT,24,SURENDRANAGAR,475,LAKHTAR,4252,babajipara,166112,23.010815,71.984089,Babajipara,2,1088
GUJARAT,24,SURENDRANAGAR,475,HALVAD,4251,juna devaliya,166065,23.011335,70.992793,Juna Devaliya,2,4592
GUJARAT,24,SURENDRANAGAR,475,DASADA,4249,gediya,165914,23.013517,71.800619,Gediya,2,1980
GUJARAT,24,SURENDRANAGAR,475,HALVAD,4251,halvad block hq,88888,23.014633,71.183185,Halvad Block HQ,2,1147
GUJARAT,24,SURENDRANAGAR,475,DHRANGADHRA,4250,rajpar,166024,23.0149,71.418636,Rajpar,2,3472
GUJARAT,24,SURENDRANAGAR,475,DHRANGADHRA,4250,manpur,166012,23.015026,71.651298,Manpur,2,642
GUJARAT,24,SURENDRANAGAR,475,HALVAD,4251,nava devaliya,166084,23.015046,70.9883,Nava Devaliya,2,2825
GUJARAT,24,SURENDRANAGAR,475,DASADA,4249,chhabali,165904,23.016258,71.926078,Chhabali,2,1079
GUJARAT,24,SURENDRANAGAR,475,DHRANGADHRA,4250,dudapur,165989,23.017987,71.588228,Dudapur,2,1848
GUJARAT,24,SURENDRANAGAR,475,LAKHTAR,4252,vitthalpara,166150,23.023831,72.008004,Vitthalpara,2,1548
GUJARAT,24,SURENDRANAGAR,475,DASADA,4249,ramgari,165956,23.024988,71.840968,Ramgari,2,718
GUJARAT,24,SURENDRANAGAR,475,DHRANGADHRA,4250,pipala,166019,23.026851,71.320265,Pipala,2,1472
GUJARAT,24,SURENDRANAGAR,475,HALVAD,4251,dhanala,166052,23.030112,71.083075,Dhanala,2,2557
GUJARAT,24,SURENDRANAGAR,475,DASADA,4249,kamalpur,165927,23.031966,71.83616,Kamalpur,2,914
GUJARAT,24,SURENDRANAGAR,475,DASADA,4249,sidhsar,165964,23.034533,71.808254,Sidhsar,2,1137
GUJARAT,24,SURENDRANAGAR,475,DASADA,4249,rajpar,165955,23.036095,71.90621,Rajpar,2,3472
GUJARAT,24,SURENDRANAGAR,475,DHRANGADHRA,4250,isadra,165999,23.03709,71.510562,Isadra,2,1202
GUJARAT,24,SURENDRANAGAR,475,DHRANGADHRA,4250,baisabgadh,165980,23.037527,71.359175,Baisabgadh,2,1247
GUJARAT,24,SURENDRANAGAR,475,HALVAD,4251,pratapagadh,166089,23.038329,71.033537,Pratapagadh,2,888
GUJARAT,24,SURENDRANAGAR,475,DHRANGADHRA,4250,vasadva,166039,23.040408,71.585275,Vasadva,2,1392
GUJARAT,24,SURENDRANAGAR,475,DASADA,4249,bhadena,165901,23.042713,71.935157,Bhadena,2,1229
GUJARAT,24,SURENDRANAGAR,475,DHRANGADHRA,4250,dhrumath,165988,23.042998,71.647754,Dhrumath,2,1971
GUJARAT,24,SURENDRANAGAR,475,DASADA,4249,akhiyana,165895,23.044771,71.709524,Akhiyana,2,2147
GUJARAT,24,SURENDRANAGAR,475,DASADA,4249,sedla,165963,23.045077,71.774835,Sedla,2,2579
GUJARAT,24,SURENDRANAGAR,475,HALVAD,4251,chandragadh,166047,23.045869,71.269097,Chandragadh,2,991
GUJARAT,24,SURENDRANAGAR,475,HALVAD,4251,vegadvav,166109,23.045972,71.225698,Vegadvav,2,3411
GUJARAT,24,SURENDRANAGAR,475,LAKHTAR,4252,hebatpura,88888,23.051081,71.978491,Hebatpura,2,1797
GUJARAT,24,SURENDRANAGAR,475,HALVAD,4251,butvada,166045,23.052397,71.265673,Butvada,2,1253
GUJARAT,24,SURENDRANAGAR,475,DHRANGADHRA,4250,vavdi,166040,23.055107,71.509356,Vavdi,2,845
GUJARAT,24,SURENDRANAGAR,475,DHRANGADHRA,4250,juna ghanshyamgadh,166005,23.056268,71.396625,Juna Ghanshyamgadh,2,1386
GUJARAT,24,SURENDRANAGAR,475,HALVAD,4251,raisanggadh,166096,23.057409,71.100642,Raisanggadh,2,1247
GUJARAT,24,SURENDRANAGAR,475,HALVAD,4251,survadar,166105,23.060907,71.005805,Survadar,2,2184
GUJARAT,24,SURENDRANAGAR,475,DASADA,4249,malvan,165934,23.06137,71.748868,Malvan,2,1333
GUJARAT,24,SURENDRANAGAR,475,DHRANGADHRA,4250,gopalgadh,165994,23.061915,71.305432,Gopalgadh,2,1169
GUJARAT,24,SURENDRANAGAR,475,HALVAD,4251,nava ghanshyamgadh,166085,23.062066,71.158955,Nava Ghanshyamgadh,2,2787
GUJARAT,24,SURENDRANAGAR,475,HALVAD,4251,mayurnagar,166080,23.064493,71.090224,Mayurnagar,2,3076
GUJARAT,24,SURENDRANAGAR,475,DASADA,4249,kacholiya,165926,23.064676,71.834723,Kacholiya,2,1305
GUJARAT,24,SURENDRANAGAR,475,DHRANGADHRA,4250,bharada,165983,23.069937,71.594546,Bharada,2,2883
GUJARAT,24,SURENDRANAGAR,475,DASADA,4249,pipli,165953,23.070003,71.710448,Pipli,2,2196
GUJARAT,24,SURENDRANAGAR,475,DHRANGADHRA,4250,kankavati,166006,23.070502,71.358488,Kankavati,2,4714
GUJARAT,24,SURENDRANAGAR,475,DHRANGADHRA,4250,satapar,166033,23.071958,71.432431,Satapar,2,1903
GUJARAT,24,SURENDRANAGAR,475,DHRANGADHRA,4250,vaghgadh,166038,23.074619,71.356204,Vaghgadh,2,942
GUJARAT,24,SURENDRANAGAR,475,HALVAD,4251,mangalpur,166076,23.075061,71.277031,Mangalpur,2,1027
GUJARAT,24,SURENDRANAGAR,475,DASADA,4249,nani majethi,165945,23.080545,71.870018,Nani Majethi,2,796
GUJARAT,24,SURENDRANAGAR,475,DHRANGADHRA,4250,virendragadh,166041,23.081669,71.449507,Virendragadh,2,2230
GUJARAT,24,SURENDRANAGAR,475,HALVAD,4251,juna amrapar,166064,23.083645,71.143503,Juna Amrapar,2,1055
GUJARAT,24,SURENDRANAGAR,475,HALVAD,4251,chadadhra,166046,23.084745,71.104819,Chadadhra,2,487
GUJARAT,24,SURENDRANAGAR,475,DASADA,4249,moti majethi,165940,23.0877,71.882382,Moti Majethi,2,1916
GUJARAT,24,SURENDRANAGAR,475,HALVAD,4251,nava amrapar,166083,23.089688,71.179299,Nava Amrapar,2,1043
GUJARAT,24,SURENDRANAGAR,475,DHRANGADHRA,4250,jasmatpur,166001,23.092365,71.376129,Jasmatpur,2,1636
GUJARAT,24,SURENDRANAGAR,475,DHRANGADHRA,4250,malvan,166011,23.093409,71.529848,Malvan,2,1333
GUJARAT,24,SURENDRANAGAR,475,DHRANGADHRA,4250,sajjanpur,166031,23.095012,71.48129,Sajjanpur,2,966
GUJARAT,24,SURENDRANAGAR,475,HALVAD,4251,dhulkot,166054,23.097498,71.018487,Dhulkot,2,583
GUJARAT,24,SURENDRANAGAR,475,HALVAD,4251,ghanad,166058,23.097901,71.29055,Ghanad,2,1220
GUJARAT,24,SURENDRANAGAR,475,DHRANGADHRA,4250,thala,166037,23.102509,71.566557,Thala,2,2899
GUJARAT,24,SURENDRANAGAR,475,HALVAD,4251,isanpur,166062,23.104414,71.214308,Isanpur,2,2568
GUJARAT,24,SURENDRANAGAR,475,HALVAD,4251,ingorala,166061,23.108348,71.178986,Ingorala,2,741
GUJARAT,24,SURENDRANAGAR,475,DHRANGADHRA,4250,jesada,166003,23.110554,71.470693,Jesada,2,2900
GUJARAT,24,SURENDRANAGAR,475,HALVAD,4251,ranmalpur,166093,23.111108,71.307471,Ranmalpur,2,3451
GUJARAT,24,SURENDRANAGAR,475,DASADA,4249,nana goraiya,165944,23.112907,71.826251,Nana Goraiya,2,1067
GUJARAT,24,SURENDRANAGAR,475,DHRANGADHRA,4250,narali,166015,23.113532,71.42045,Narali,2,3751
GUJARAT,24,SURENDRANAGAR,475,DASADA,4249,degam,165908,23.116629,71.659107,Degam,2,2048
GUJARAT,24,SURENDRANAGAR,475,HALVAD,4251,mayapur,166079,23.116715,71.145599,Mayapur,2,493
GUJARAT,24,SURENDRANAGAR,475,DASADA,4249,bajana,165899,23.118141,71.779254,Bajana,2,5891
GUJARAT,24,SURENDRANAGAR,475,HALVAD,4251,malaniyad,166073,23.118862,71.256896,Malaniyad,2,3446
GUJARAT,24,SURENDRANAGAR,475,DASADA,4249,jivangadh,165924,23.12022,71.888174,Jivangadh,2,611
GUJARAT,24,SURENDRANAGAR,475,HALVAD,4251,miyani,166082,23.12181,71.114052,Miyani,2,1478
GUJARAT,24,SURENDRANAGAR,475,HALVAD,4251,kidi,166071,23.124646,71.205936,Kidi,2,1899
GUJARAT,24,SURENDRANAGAR,475,DHRANGADHRA,4250,sultanpur,166036,23.125851,71.604509,Sultanpur,2,790
GUJARAT,24,SURENDRANAGAR,475,DASADA,4249,porda,165954,23.128054,71.870175,Porda,2,1720
GUJARAT,24,SURENDRANAGAR,475,DHRANGADHRA,4250,kuda,166010,23.133803,71.378469,Kuda,2,3217
GUJARAT,24,SURENDRANAGAR,475,DASADA,4249,nava sadla,165946,23.135919,71.827588,Nava Sadla,2,1415
GUJARAT,24,SURENDRANAGAR,475,HALVAD,4251,tikar,166107,23.139575,71.100011,Tikar,2,3332
GUJARAT,24,SURENDRANAGAR,475,HALVAD,4251,enjar,166057,23.139853,71.290509,Enjar,2,3591
GUJARAT,24,SURENDRANAGAR,475,HALVAD,4251,ajitgadh,166043,23.13994,71.127482,Ajitgadh,2,2055
GUJARAT,24,SURENDRANAGAR,475,DASADA,4249,savlas,165962,23.150153,71.798606,Savlas,2,2186
GUJARAT,24,SURENDRANAGAR,475,HALVAD,4251,khod,166070,23.150233,71.150458,Khod,2,681
GUJARAT,24,SURENDRANAGAR,475,HALVAD,4251,nava ghatila,166086,23.152741,71.064936,Nava Ghatila,2,543
GUJARAT,24,SURENDRANAGAR,475,DASADA,4249,upariyala,165968,23.153941,71.887993,Upariyala,2,1604
GUJARAT,24,SURENDRANAGAR,475,HALVAD,4251,jogad,166063,23.154898,71.183644,Jogad,2,1259
GUJARAT,24,SURENDRANAGAR,475,DHRANGADHRA,4250,koparani,166009,23.155465,71.324971,GP - Koparani,2,1532
GUJARAT,24,SURENDRANAGAR,475,HALVAD,4251,mangadh,166075,23.156027,71.118023,Mangadh,2,1768
GUJARAT,24,SURENDRANAGAR,475,DASADA,4249,joravarpura,165925,23.156142,71.861395,Joravarpura,2,432
GUJARAT,24,SURENDRANAGAR,475,DASADA,4249,surajpura,165965,23.169149,71.840316,Surajpura,2,838
GUJARAT,24,SURENDRANAGAR,475,DASADA,4249,pardi,88888,23.188452,71.79684,Pardi,2,724
GUJARAT,24,SURENDRANAGAR,475,DASADA,4249,navrangpura,165949,23.189822,71.8976,Navrangpura,2,962
GUJARAT,24,SURENDRANAGAR,475,DASADA,4249,jarvala,165923,23.19474,71.856084,Jarvala,2,1667
GUJARAT,24,SURENDRANAGAR,475,DASADA,4249,ghaspur,165915,23.200188,71.923408,Ghaspur,2,931
GUJARAT,24,SURENDRANAGAR,475,DASADA,4249,haripura,165918,23.208907,71.891286,Haripura,2,610
GUJARAT,24,SURENDRANAGAR,475,DASADA,4249,amnagar,165898,23.216998,71.988084,Amnagar,2,359
GUJARAT,24,SURENDRANAGAR,475,DASADA,4249,hathipura,165919,23.217801,71.911915,Hathipura,2,375
GUJARAT,24,SURENDRANAGAR,475,DASADA,4249,vaghada,165971,23.22304,71.943644,Vaghada,2,1399
GUJARAT,24,SURENDRANAGAR,475,DASADA,4249,bamanva,165900,23.223712,71.841725,Bamanva,2,1951
GUJARAT,24,SURENDRANAGAR,475,DASADA,4249,odu,165950,23.230391,71.695178,Odu,2,2793
GUJARAT,24,SURENDRANAGAR,475,DASADA,4249,savda,165961,23.230891,71.754124,Savda,2,1711
GUJARAT,24,SURENDRANAGAR,475,DASADA,4249,mota ubhada,165939,23.235813,71.97905,Mota Ubhada,2,1534
GUJARAT,24,SURENDRANAGAR,475,DASADA,4249,goriyavad,165916,23.249095,71.805476,Goriyavad,2,1371
GUJARAT,24,SURENDRANAGAR,475,DASADA,4249,malanpur,165933,23.253251,71.912103,Malanpur,2,1289
GUJARAT,24,SURENDRANAGAR,475,DASADA,4249,kochada,165931,23.253923,71.87329,Kochada,2,1286
GUJARAT,24,SURENDRANAGAR,475,DASADA,4249,chikasar,165906,23.258163,71.736443,Chikasar,2,1643
GUJARAT,24,SURENDRANAGAR,475,DASADA,4249,mithagodha,165938,23.270882,71.705448,Mithagodha,2,1757
GUJARAT,24,SURENDRANAGAR,475,DASADA,4249,ahmedgadh,165894,23.271189,71.77071,Ahmedgadh,2,288
GUJARAT,24,SURENDRANAGAR,475,DASADA,4249,metasar,165937,23.271943,71.827685,Metasar,2,693
GUJARAT,24,SURENDRANAGAR,475,DASADA,4249,jainabad,165922,23.284507,71.767758,Jainabad,2,5114
GUJARAT,24,SURENDRANAGAR,475,DASADA,4249,ambala,165897,23.291632,71.854695,Ambala,2,1303
GUJARAT,24,SURENDRANAGAR,475,DASADA,4249,kathada,165929,23.293425,71.812164,Kathada,2,1922
GUJARAT,24,SURENDRANAGAR,475,DASADA,4249,rasulabad,165957,23.294332,71.787071,Rasulabad,2,353
GUJARAT,24,SURENDRANAGAR,475,DASADA,4249,mulada,165941,23.296945,71.725948,Mulada,2,1160
GUJARAT,24,SURENDRANAGAR,475,DASADA,4249,rustamgadh,165959,23.300289,71.791056,Rustamgadh,2,417
GUJARAT,24,SURENDRANAGAR,475,DASADA,4249,jagdishan,165921,23.302677,71.873197,Jagdishan,2,200
GUJARAT,24,SURENDRANAGAR,475,DASADA,4249,dasada,165907,23.322521,71.828076,Dasada,2,8733
GUJARAT,24,SURENDRANAGAR,475,DASADA,4249,dasada block hq,88888,23.324448,71.83091,Dasada Block HQ,2,987
GUJARAT,24,SURENDRANAGAR,475,DASADA,4249,nagvada,165943,23.326073,71.71208,Nagvada,2,2498
GUJARAT,24,SURENDRANAGAR,475,DASADA,4249,gavana,165913,23.339602,71.862326,Gavana,2,2009
GUJARAT,24,SURENDRANAGAR,475,DASADA,4249,visavadi,165974,23.340174,71.732235,Visavadi,2,2291
GUJARAT,24,SURENDRANAGAR,475,DASADA,4249,zezra,165977,23.346333,71.761012,Zezra,2,711
GUJARAT,24,SURENDRANAGAR,475,DASADA,4249,zinzuwada,165979,23.349902,71.654858,Zinzuwada,2,7593
GUJARAT,24,SURENDRANAGAR,475,DASADA,4249,vadgam,165970,23.363071,71.782917,Vadgam,2,3973
GUJARAT,24,SURENDRANAGAR,475,DASADA,4249,bubvana,165903,23.367332,71.849405,Bubvana,2,1204
GUJARAT,24,SURENDRANAGAR,475,DASADA,4249,panva,165952,23.388294,71.814232,Panva,2,2324
GUJARAT,24,SURENDRANAGAR,475,DASADA,4249,dhama,165909,23.397294,71.671083,Dhama,2,1952
GUJARAT,24,SURENDRANAGAR,475,DASADA,4249,alampura,165896,23.397922,71.950985,Alampura,2,917
GUJARAT,24,SURENDRANAGAR,475,DASADA,4249,fatepur,165912,23.400387,71.631327,Fatepur,2,2377
GUJARAT,24,SURENDRANAGAR,475,DASADA,4249,bhalgam,165902,23.402297,71.676584,Bhalgam,2,963
GUJARAT,24,SURENDRANAGAR,475,DASADA,4249,echhvada,165910,23.402414,71.899228,Echhvada,2,1221
GUJARAT,24,SURENDRANAGAR,475,DASADA,4249,erwada,165911,23.424285,71.867735,Erwada,2,1818
GUJARAT,24,SURENDRANAGAR,475,DASADA,4249,vanod,165973,23.427892,71.922427,Vanod,2,5276
GUJARAT,24,SURENDRANAGAR,475,DASADA,4249,adariyana,165893,23.429446,71.70463,Adariyana,2,5462
GUJARAT,24,SURENDRANAGAR,475,DASADA,4249,zadiyana,165976,23.438954,71.736403,Zadiyana,2,1924
GUJARAT,24,SURENDRANAGAR,475,DASADA,4249,chhatrot,165905,23.440048,71.87737,Chhatrot,2,1139
GUJARAT,24,SURENDRANAGAR,475,DASADA,4249,sali,165960,23.441949,71.733696,Sali,2,659
GUJARAT,24,SURENDRANAGAR,475,DASADA,4249,valevada,165972,23.453036,71.938273,Valevada,2,1741
GUJARAT,24,SURENDRANAGAR,475,DASADA,4249,visnagar,165975,23.463796,71.568768,Visnagar,2,1266
GUJARAT,24,SURENDRANAGAR,475,DASADA,4249,sushiya,165967,23.464101,71.88668,Sushiya,2,1573
GUJARAT,24,SURENDRANAGAR,475,DASADA,4249,navapura,165947,23.464639,71.664539,Navapura,2,352
GUJARAT,24,SURENDRANAGAR,475,DASADA,4249,padiwada,165951,23.473053,71.707548,Padiwada,2,1395
GUJARAT,24,SURENDRANAGAR,475,DASADA,4249,naviyani,165948,23.478325,71.963236,Naviyani,2,1633
GUJARAT,24,SURENDRANAGAR,475,DASADA,4249,surel,165966,23.478987,71.618875,Surel,2,2647
GUJARAT,24,SURENDRANAGAR,475,DASADA,4249,rozva,165958,23.479968,71.663043,Rozva,2,1107
GUJARAT,24,SURENDRANAGAR,475,DASADA,4249,manavada,165935,23.483813,71.93259,Manavada,2,1651
GUJARAT,24,SURENDRANAGAR,475,DASADA,4249,gosana,165917,23.487527,71.917071,Gosana,2,928
GUJARAT,24,SURENDRANAGAR,475,DASADA,4249,mera,165936,23.509554,71.960389,Mera,2,1793
